Category,Term,Function_group,Count,%,PValue,Genes,List Total,Pop Hits,Pop Total,Fold Enrichment,Bonferroni,Benjamini,FDR,Enrichment Score,Cluster
UP_SEQ_FEATURE,CROSSLNK:Glycyl lysine isopeptide (Lys-Gly) (interchain with G-Cter in SUMO2),Ubl conjugation,285,10.17857143,3.15E-23,"ZNF296, C5ORF24, ZMYND8, JMJD1C, MSANTD4, IKZF2, GPATCH8, ELK4, PNN, ALKBH5, ZNF608, LSM11, SNRPD2, ZSCAN30, ZMIZ1, CREB3L1, ZNF605, TRIM24, BBX, ZNF721, CDK5RAP3, TSPYL2, DDX17, FNBP4, WDHD1, SMARCC1, SMARCC2, ESCO1, SCAF11, ZNF160, KRT7, ZNF12, CD2AP, CFDP1, ZNF711, BCORL1, ATF6, ZNF397, TSHZ2, XPC, BAZ2A, BAZ2B, ZBTB4, GIGYF2, FXR1, RNF213, RAD21, MIER1, HLTF, MAP7, TNRC18, TP53BP1, ZNF148, ZNF146, TRMT1L, ZNF264, PHC2, SMARCA5, SMARCA1, PHC3, PRRC2B, NFATC4, MLLT10, TBL2, PDE3A, CDK13, RBAK, RCOR2, EZH1, SUGP2, TP73, ZNF133, PHF3, TOP2B, SETD2, ZNF251, BHLHE41, NKAP, RSF1, ZMYM2, CSRP2, ZMYM4, ZMYM5, ZNF280C, UBXN7, TCF12, TFE3, ZFR, ASH1L, TERF1, CBFA2T2, SUPT3H, RNF169, ZEB1, NCOR1, HNRNPH1, CSDE1, RBM12B, MTF2, VGLL3, AHNAK, SATB1, ZNF518B, GPALPP1, ZNF518A, TYMS, CENPC, NSD3, BCLAF3, WRN, NFIL3, CUX1, HSF2, CTNNA1, ZSWIM9, TBL1X, KANSL1L, ZNF467, BRD7, SF3B1, NKTR, MYEF2, ATAD5, CAVIN1, ZNF580, CAVIN3, ATAD2, HIPK1, GATAD2B, HIPK3, HIPK2, ZNF33A, ETAA1, CENPH, ZNF217, ZNF337, ZNF354C, ZNF331, ZNF451, MRE11, CCNT2, ZBTB25, ZBTB26, CTNND1, ZBTB21, ZBTB20, ARID4B, PRDM2, AMOT, SMCHD1, SALL1, ZFP30, BASP1, KIF5B, SALL4, POGZ, MACROD1, KMT5B, ARID2, ZNF445, GTF2I, CAST, PNISR, IK, KDM2A, SKIDA1, PIAS2, RSBN1, PIAS1, MAF, FAM161A, KAT6B, KAT6A, PHIP, ADNP, SNRNP200, HOMEZ, KMT2A, GPATCH2L, RLF, PHF21A, RAI1, ATXN2, ZKSCAN8, G3BP2, ZKSCAN2, ZNF664, ZKSCAN1, QSER1, BPTF, ZBTB18, SMAD4, CBX5, CBX4, NONO, CBX1, ZBTB10, ZFHX4, YEATS2, ZNF419, BHLHE40, RFXAP, ZNF658, UBA2, ZNF655, LSM14B, ZNF532, KDM5A, DDX3Y, KDM5B, ZNF770, RBM26, KDM5D, BNC2, NUMA1, CHD9, HP1BP3, PSIP1, CHD4, CHD3, ZFP82, AFF4, SENP6, RBM4, BCL7A, ZIC2, SIN3A, ZIC3, GATAD1, ZNF644, ZNF521, RBM33, RBM6, KDM6B, SUN1, CAMK1D, RFC1, ATRX, DDX50, ZFP90, MSL1, PKM, SYF2, ZNF638, ZNF516, TERF2IP, LCOR, LCORL, GAPDH, USP13, SLFN5, NFAT5, KDM3B, HDAC1, MVP, ADD3, MLLT3, SAMHD1, UACA, MTA1, IFI16, FCHO2, IGF2BP3, HNRNPA1, BEND7, ZNF740, BEND5, EIF4B, TTC14, ATF7IP, TCF7L2, TAF15, MGA, AHNAK2, ARID3A, USP28, ERCC1, IMPDH2, POLR3D, EIF3H, SNRNP48, ERCC6, VIM, ZNF610, TAF1",2621,1267,20532,1.762107825,2.89E-19,7.23E-20,7.21E-20,16.59556969,1
UP_KW_PTM,KW-0832~Ubl conjugation,Ubl conjugation,514,18.35714286,2.85E-17,"ZNF296, C5ORF24, SMC5, MSANTD4, ENO1, ENO2, GPATCH8, ELK4, ALKBH5, LSM11, ZSCAN30, ZMIZ1, CREB3L1, MYB, AKT3, BBX, CDK5RAP3, MEF2A, DDX17, PRKCG, TSPYL2, FNBP4, WDHD1, ZNF160, ZNF12, CD2AP, DDX39B, FEZ1, DDIT4, TXNIP, CLOCK, ATF6, ZNF397, CRABP2, PRKDC, NEDD4L, XPC, BAZ2A, BAZ2B, GIGYF2, LDHA, RNF213, RHOT1, RAD21, PIP5K1A, ZNF148, ZNF146, ZNF264, FZD3, PHC2, FZD2, FZD6, FZD8, EIF2AK2, BRAF, NR1D2, PHC3, ELL2, WDR54, PRRC2B, NFATC4, MLLT10, TBL2, AGO3, AGO4, HBP1, CDK13, EZH1, FANK1, ZNF133, PHF3, GPI, CDKN1A, SETD2, CDKN1B, ZNF251, BHLHE41, HIF3A, TRIOBP, IKBKB, CSRP2, TRIM2, TMSB4X, ZNF280C, NEFL, NINL, TPI1, TCF12, ASH1L, TERF1, DDB2, BACE1, RNF169, NCOR1, ZEB1, MTF2, AHNAK, ZNF518B, ZNF518A, CENPC, GGA2, NSD3, BCLAF3, WRN, ZSWIM9, FLNB, RICTOR, FLNC, BRD7, ZNF467, SF3B1, NKTR, EGLN3, ATAD5, ZNF580, AGL, CARD8, STAT2, ATAD2, HIPK1, FMO4, GATAD2B, HIPK3, HIPK2, ZNF33A, RNF146, CENPH, ZNF217, ZNF337, YPEL3, ZNF331, ZNF451, ANKRD37, MRE11, CCNT2, ZBTB25, FMR1, ZBTB26, CTNND1, ZBTB21, ZBTB20, RORA, CASC3, FGF2, SMCHD1, SALL1, DEPTOR, ZFP30, CDH1, SALL4, MACROD1, PAPOLA, KMT5B, MACROD2, HMGN2, ZNF445, GTF2I, TLE4, PNISR, MYLIP, USP8, IK, STX8, MAGI3, SKIDA1, PIAS2, PIAS1, MAF, KAT6B, KAT6A, FKBP8, PHIP, ADNP, SNRNP200, CUL9, KMT2E, CUL7, KMT2A, CUL5, TNKS, INSIG2, BOD1L1, ARL2, GPATCH2L, RLF, PHF21A, FOXO1, ATXN2, ATXN1, BCL2L11, ZKSCAN8, G3BP2, ZKSCAN2, EVI5, ZNF664, ZKSCAN1, DRD4, ZBTB18, ZBTB10, EEF2, NFKB2, MFHAS1, YEATS2, BCL6, ZNF419, MDM2, ZNF658, RNF181, MDM4, ZNF655, OGT, ZNF532, ZNF770, FLT1, BNC2, NUMA1, PTEN, ZFP82, SGCE, SIN3A, ZNF644, CEP290, ZNF521, DST, RFC1, ATRX, RAD23A, SMC1A, ZFP90, MSL1, PKM, SYF2, ZNF638, ZNF516, NUMB, LCOR, PIK3C3, LCORL, GAPDH, BIRC2, TRIM56, NFAT5, PRKAA2, UHRF2, PLAG1, HDAC1, MLLT3, HDAC9, LRP6, IFI16, FCHO2, IGF2BP3, HNRNPA1, BEND7, FNIP1, ZNF740, BEND5, EIF4B, MGA, AHNAK2, KLF4, PTPN14, KLF8, IMPDH2, POLR3D, PDCD4, EIF3H, SNRNP48, TRIM37, ZNF610, CUL4B, IFITM3, APP, ZMYND8, DIXDC1, CCP110, JMJD1C, CBLB, IKZF2, SOX2, PNN, ZNF608, SNRPD2, ZNF605, PEG10, TRIM24, SOX9, ZNF721, TRIM22, SMARCC1, SMARCC2, ESCO1, SCAF11, NSMCE1, KRT7, HLA-A, CFDP1, KATNAL1, PPP1R3C, RRAGB, ZNF711, BCORL1, L3MBTL1, MYCBP2, TSHZ2, PIK3R1, ZBTB4, FXR1, MIER1, HLTF, MAP7, ZBED1, TNRC18, CEP192, TP53BP1, N4BP2, SEC31B, TRMT1L, TRPM4, SMARCA5, SMARCA1, PTK2, BST2, WNK1, WNK3, PDE3A, CALM3, RBAK, RCOR2, SUGP2, TP73, TOP2B, SH3KBP1, NKAP, RSF1, VLDLR, ROBO1, AKAP12, PCM1, ZMYM2, ZMYM4, ZMYM5, UBXN7, MAP4K1, ZFR, TFE3, TFEB, CBFA2T2, SUPT3H, HCK, HNRNPH1, CSDE1, RBM12B, MAPT, ALDOA, VGLL3, SATB1, GPALPP1, XIAP, TYMS, NOL3, CUX1, NFIL3, SERTAD2, HSF2, CTNNA1, APBB1, TBL1X, KANSL1L, PAK3, EPS15, MAP3K2, MYEF2, CAVIN1, CAVIN3, MIB2, SORBS2, RSRC2, MIB1, ETAA1, ITCH, MPHOSPH9, PER3, AXL, TCEA2, CTNNB1, TCEA1, ZNF354C, ARID4B, PRDM2, TOMM20, AMOT, IGF1R, PAIP2B, CCND2, BASP1, KIF5B, POGZ, ARID2, CAST, KDM2A, KCTD1, RSBN1, EEF1A1, FAM161A, SCN8A, SCNN1A, SELENOV, CHMP4B, HOMEZ, DDX6, LPP, RAI1, QSER1, BPTF, SMAD2, UBE2H, TFAP2C, SMAD4, CBX5, CBX4, PTCH1, NONO, CBX1, KLHL24, ZFHX4, FER, DLG1, UVSSA, BHLHE40, JMY, RFXAP, CHMP2A, UBA2, UBA1, LSM14B, FGFR3, COPE, FGFR2, FGFR1, YWHAE, DDX3Y, KDM5A, KDM5B, USP37, KDM5D, RBM26, MEGF10, CHD9, HP1BP3, PSIP1, CHD4, CHD3, AFF4, CABIN1, SENP6, GHR, RBM4, UFL1, ZIC2, BCL7A, ZIC3, ENOSF1, GATAD1, PDE4A, POLI, NOS1, RBM33, RBM6, KDM6B, ARHGEF11, SUN1, CAMK1D, AXIN2, DDX50, TGFBR1, EPN2, PEX5, TERF2IP, MYH9, FAN1, CHMP5, USP13, SLFN5, KDM3B, MVP, ACVR1B, ADD3, SAMHD1, UACA, DLL1, DLL3, CAND2, MTA1, TTC14, IGBP1, ATF7IP, USP25, TCF7L2, TAF15, MX1, ARID3A, USP28, EPOR, UFM1, CCS, REST, ERCC1, ERCC2, KRAS, ERCC6, VIM, PAXBP1, TAF1",2046,2583,14109,1.372237606,9.70E-16,4.99E-16,4.85E-16,16.59556969,1
UP_KW_PTM,KW-1017~Isopeptide bond,Ubl conjugation,361,12.89285714,1.82E-11,"IFITM3, APP, ZNF296, C5ORF24, ZMYND8, JMJD1C, MSANTD4, ENO1, IKZF2, ENO2, GPATCH8, SOX2, ELK4, PNN, ALKBH5, ZNF608, LSM11, SNRPD2, ZSCAN30, ZMIZ1, PEG10, CREB3L1, ZNF605, MYB, TRIM24, BBX, SOX9, ZNF721, CDK5RAP3, TSPYL2, MEF2A, DDX17, FNBP4, WDHD1, SMARCC1, SMARCC2, ESCO1, SCAF11, ZNF160, KRT7, ZNF12, CD2AP, CFDP1, DDX39B, RRAGB, TXNIP, ZNF711, BCORL1, CLOCK, ATF6, ZNF397, CRABP2, TSHZ2, XPC, BAZ2A, BAZ2B, ZBTB4, GIGYF2, FXR1, LDHA, RNF213, RAD21, MIER1, HLTF, MAP7, PIP5K1A, TNRC18, TP53BP1, ZNF148, ZNF146, TRMT1L, ZNF264, PHC2, SMARCA5, EIF2AK2, BRAF, SMARCA1, PHC3, PTK2, PRRC2B, NFATC4, BST2, MLLT10, TBL2, PDE3A, CALM3, CDK13, RBAK, RCOR2, EZH1, SUGP2, TP73, ZNF133, PHF3, TOP2B, SETD2, ZNF251, BHLHE41, NKAP, RSF1, VLDLR, HIF3A, AKAP12, IKBKB, ZMYM2, CSRP2, ZMYM4, TMSB4X, ZMYM5, ZNF280C, UBXN7, TPI1, TCF12, TFE3, ZFR, ASH1L, TERF1, CBFA2T2, SUPT3H, BACE1, RNF169, ZEB1, NCOR1, HNRNPH1, CSDE1, RBM12B, MTF2, MAPT, ALDOA, VGLL3, AHNAK, SATB1, ZNF518B, GPALPP1, ZNF518A, XIAP, TYMS, CENPC, NSD3, BCLAF3, WRN, NFIL3, CUX1, HSF2, CTNNA1, ZSWIM9, FLNB, RICTOR, TBL1X, KANSL1L, ZNF467, BRD7, SF3B1, NKTR, MYEF2, ATAD5, CAVIN1, ZNF580, CAVIN3, ATAD2, RSRC2, HIPK1, FMO4, GATAD2B, HIPK3, HIPK2, ZNF33A, RNF146, ETAA1, MPHOSPH9, CENPH, TCEA2, ZNF217, TCEA1, ZNF337, ZNF354C, ZNF331, ZNF451, MRE11, CCNT2, ZBTB25, ZBTB26, CTNND1, ZBTB21, ZBTB20, ARID4B, PRDM2, RORA, TOMM20, FGF2, AMOT, IGF1R, SMCHD1, SALL1, ZFP30, BASP1, KIF5B, SALL4, POGZ, PAPOLA, MACROD1, KMT5B, MACROD2, HMGN2, ARID2, ZNF445, GTF2I, CAST, PNISR, IK, KDM2A, SKIDA1, PIAS2, RSBN1, PIAS1, MAF, FAM161A, KAT6B, KAT6A, FKBP8, PHIP, ADNP, SNRNP200, HOMEZ, CUL7, KMT2A, CUL5, BOD1L1, ARL2, GPATCH2L, RLF, LPP, PHF21A, RAI1, ATXN2, ATXN1, ZKSCAN8, G3BP2, ZKSCAN2, ZNF664, ZKSCAN1, QSER1, BPTF, ZBTB18, TFAP2C, SMAD4, CBX5, CBX4, PTCH1, NONO, CBX1, ZBTB10, EEF2, ZFHX4, NFKB2, YEATS2, ZNF419, BHLHE40, RFXAP, ZNF658, UBA2, ZNF655, LSM14B, ZNF532, KDM5A, YWHAE, DDX3Y, KDM5B, ZNF770, RBM26, KDM5D, BNC2, NUMA1, CHD9, HP1BP3, PTEN, PSIP1, CHD4, CHD3, ZFP82, AFF4, SENP6, RBM4, BCL7A, ZIC2, SIN3A, ZIC3, GATAD1, PDE4A, ZNF644, ZNF521, RBM33, RBM6, KDM6B, SUN1, CAMK1D, DST, RFC1, ATRX, RAD23A, DDX50, ZFP90, TGFBR1, MSL1, PKM, SYF2, ZNF638, ZNF516, TERF2IP, LCOR, LCORL, GAPDH, USP13, SLFN5, NFAT5, KDM3B, PLAG1, HDAC1, MVP, ADD3, MLLT3, SAMHD1, UACA, DLL1, LRP6, MTA1, IFI16, FCHO2, IGF2BP3, HNRNPA1, BEND7, FNIP1, ZNF740, BEND5, EIF4B, TTC14, ATF7IP, USP25, TCF7L2, TAF15, MGA, AHNAK2, ARID3A, KLF4, USP28, EPOR, KLF8, CCS, UFM1, ERCC1, IMPDH2, POLR3D, EIF3H, KRAS, SNRNP48, ERCC6, VIM, ZNF610, PAXBP1, TAF1, CUL4B",2046,1817,14109,1.370070384,6.18E-10,2.12E-10,2.06E-10,16.59556969,1
INTERPRO,"IPR001965:Zinc finger, PHD-type",TF,36,1.285714286,9.84E-10,"KMT2E, KDM5A, PHF3, KDM5B, KDM5D, KMT2A, UHRF2, PHF20, KMT2C, ZMYND8, CHD4, BAZ2A, RSF1, CHD3, BAZ2B, PHF7, PHF21A, PHF21B, ING4, NSD3, RAI1, NSD2, TRIM24, BPTF, SHPRH, KDM4B, KDM2A, KDM4C, PHF11, ASH1L, MLLT10, KAT6B, KAT6A, MTF2, PHF13, KDM7A",2508,91,19176,3.024764709,2.83E-06,1.41E-06,1.40E-06,6.145814145,2
SMART,SM00249:PHD,TF,36,1.285714286,2.35E-08,"KMT2E, KDM5A, PHF3, KDM5B, KDM5D, KMT2A, UHRF2, PHF20, KMT2C, ZMYND8, CHD4, BAZ2A, RSF1, CHD3, BAZ2B, PHF7, PHF21A, PHF21B, ING4, NSD3, RAI1, NSD2, TRIM24, BPTF, SHPRH, KDM4B, KDM2A, KDM4C, PHF11, ASH1L, MLLT10, KAT6B, KAT6A, MTF2, PHF13, KDM7A",1535,91,10379,2.674904249,1.29E-05,1.29E-05,1.27E-05,6.145814145,2
INTERPRO,"IPR011011:Zinc finger, FYVE/PHD-type",TF,44,1.571428571,3.79E-08,"KMT2E, KDM5A, PHF3, KDM5B, MTMR3, KDM5D, KMT2A, UHRF2, ZFYVE9, PHF20, KMT2C, ZMYND8, CHD4, BAZ2A, RSF1, CHD3, BAZ2B, PHF7, PHF21A, PHF21B, ING4, EEA1, NSD3, FGD4, FGD6, PCLO, NSD2, TRIM24, BPTF, SHPRH, KDM4B, KDM2A, KDM4C, ATRX, PHF11, ASH1L, MLLT10, ZFYVE16, KAT6B, KAT6A, MTF2, PHF13, WDFY3, KDM7A",2508,140,19176,2.403007519,1.09E-04,3.21E-05,3.19E-05,6.145814145,2
INTERPRO,"IPR019787:Zinc finger, PHD-finger",TF,29,1.035714286,4.60E-07,"KMT2E, KDM5A, PHF3, KDM5B, KDM5D, KMT2A, UHRF2, KMT2C, ZMYND8, CHD4, BAZ2A, RSF1, CHD3, BAZ2B, PHF21A, PHF21B, ING4, NSD3, NSD2, TRIM24, BPTF, KDM2A, ASH1L, MLLT10, KAT6B, KAT6A, MTF2, PHF13, KDM7A",2508,80,19176,2.771650718,0.001319878,2.20E-04,2.19E-04,6.145814145,2
UP_SEQ_FEATURE,DOMAIN:PHD-type,TF,27,0.964285714,6.75E-07,"KMT2E, PHF3, KDM5B, KDM5D, KMT2A, KMT2C, ZMYND8, CHD4, BAZ2A, RSF1, CHD3, PHF7, PHF21A, PHF21B, RAI1, NSD2, TRIM24, BPTF, KDM4B, KDM2A, KDM4C, ATRX, PHF11, MLLT10, KAT6B, KAT6A, MTF2",2621,74,20532,2.858224115,0.006178307,3.65E-04,3.63E-04,6.145814145,2
UP_SEQ_FEATURE,ZN_FING:PHD-type,TF,20,0.714285714,5.64E-06,"KMT2E, PHF3, SHPRH, KDM2A, UHRF2, PHF20, ZMYND8, PHF11, BAZ2A, RSF1, BAZ2B, ASH1L, PHF7, PHF21A, PHF21B, ING4, RAI1, TRIM24, PHF13, KDM7A",2621,50,20532,3.133460511,0.050416173,0.002249188,0.002241099,6.145814145,2
UP_SEQ_FEATURE,ZN_FING:PHD-type 2,TF,16,0.571428571,2.19E-05,"KDM5A, KDM5B, KDM4B, KDM4C, KDM5D, KMT2A, KMT2C, CHD4, CHD3, NSD3, MLLT10, KAT6B, KAT6A, MTF2, NSD2, BPTF",2621,37,20532,3.387524877,0.182158754,0.007181601,0.007155774,6.145814145,2
INTERPRO,"IPR019786:Zinc finger, PHD-type, conserved site",TF,23,0.821428571,3.16E-05,"KMT2E, KDM5A, PHF3, KDM5B, SHPRH, KDM2A, KDM5D, PHF20, KMT2C, ZMYND8, CHD4, RSF1, CHD3, ASH1L, PHF21A, ING4, NSD3, MLLT10, MTF2, NSD2, TRIM24, KDM7A, BPTF",2508,68,19176,2.586124402,0.086649442,0.006473863,0.006433288,6.145814145,2
UP_SEQ_FEATURE,ZN_FING:PHD-type 1,TF,16,0.571428571,4.58E-05,"KDM5A, KDM5B, KDM4B, KDM4C, KDM5D, KMT2A, KMT2C, CHD4, CHD3, NSD3, MLLT10, KAT6B, KAT6A, MTF2, NSD2, BPTF",2621,39,20532,3.213805653,0.343263687,0.014015435,0.013965031,6.145814145,2
UP_SEQ_FEATURE,ACT_SITE:Proton acceptor,protein kinase,176,6.285714286,1.25E-10,"PANK3, TESK2, ENO1, ENO2, HS6ST2, IGF1R, NPEPPS, SLK, AKT3, PMPCB, NEK1, MAP3K8, MAP3K9, STK32A, STK32C, CMTR2, CDKL2, PRKCG, CDKL3, USP8, EPHA4, CDKL5, PRKCH, IAH1, ENDOG, ENTPD4, PRKCB, ENTPD5, USP3, LMTK3, HSD11B1L, DYRK1B, CSNK1E, CPT1C, SDHA, UHMK1, OBSCN, BTD, ULK2, PHPT1, ALDH7A1, BRSK1, H6PD, MINDY2, STK39, PLA2G6, NLK, ACAT1, STK3, TTBK2, SULT1A1, LDHA, OARD1, TRPM7, AMZ2, USP51, LTA4H, MAP2K5, MAP2K6, FN3K, CDK18, NEK9, CDK19, ZRANB1, YES1, EPHX2, EIF2AK1, NRDC, EIF2AK2, BRAF, LNPEP, EIF2AK4, ACADSB, CLK4, PTK2, CLK3, DCLK1, FER, CDK6, WNK1, WNK3, CDK13, OGT, FGFR3, FGFR2, CDK16, FGFR1, DDR1, GSK3B, ACADVL, USP37, FLT1, DHRS11, USP32, USP34, OTUD7B, AATK, IKBKB, DSTYK, ACOXL, TLK2, TLK1, POLI, TK2, ACADS, JAK3, PRKG1, MAP4K1, USP47, HSDL2, USP49, CAMK1D, TPI1, ASMTL, TYK2, OXSR1, SIRT1, TGFBR1, CIT, LATS1, HCK, LATS2, ALDH5A1, ANG, ALDOC, ALDOA, DLD, RBKS, USP13, CAMK2D, PRKAA2, PNCK, ROCK1, HDAC1, USP11, HSD17B4, HSD17B14, PRKX, ACVR1B, LTC4S, HSD17B11, HSD17B8, SRR, ERMP1, PAK3, XDH, CBR4, MAP4K4, USP24, MAP3K2, MAP3K1, USP9X, RIOK3, PNPLA8, USP9Y, CDC42BPB, CDC42BPA, USP28, HIPK1, ACVR2B, DHRS3, HIPK3, HIPK2, MAPK10, SNRK, PFKL, PINK1, TEC, AXL, IMPDH2, STK17B, TAOK1, PNPLA4, PKN2, PFKM, PFKP",2621,861,20532,1.601303862,1.15E-06,1.92E-07,1.91E-07,6.014651424,3
INTERPRO,IPR011009:Protein kinase-like domain,protein kinase,116,4.142857143,1.11E-07,"TRIO, TESK2, KNDC1, IGF1R, SLK, AKT3, NEK1, MAP3K8, MAP3K9, STK32A, ACAD10, STK32C, GTF2I, CDKL2, PRKCG, CDKL3, EPHA4, CDKL5, PRKCH, PRKCB, LMTK3, CASK, DYRK1B, CSNK1E, VRK3, UHMK1, OBSCN, ULK2, BRSK1, PRKDC, STK39, NLK, STK3, TTBK2, TRPM7, MAP2K5, MAP2K6, FN3K, CDK18, NEK9, CDK19, YES1, INSR, EIF2AK1, EIF2AK2, BRAF, EIF2AK4, CLK4, PTK2, CLK3, DCLK1, TBCK, FER, CDK6, WNK1, PTK7, WNK3, ATM, CDK13, FGFR3, FGFR2, CDK16, ATR, FGFR1, DDR1, GSK3B, SMG1, FLT1, AATK, PIK3CD, IKBKB, DSTYK, TLK2, TLK1, JAK3, PRKG1, MAP4K1, CAMK1D, STRADA, KSR2, TYK2, OXSR1, TGFBR1, CIT, LATS1, HCK, LATS2, PEAK1, PIK3C3, CAMK2D, PRKAA2, PNCK, ROCK1, PRKX, ACVR1B, PAK3, CLASP1, MAP4K4, MAP3K2, MAP3K1, RIOK3, CDC42BPB, CDC42BPA, HIPK1, ACVR2B, HIPK3, HIPK2, MAPK10, SNRK, PINK1, TEC, AXL, STK17B, TAOK1, PKN2",2508,547,19176,1.621441005,3.19E-04,6.38E-05,6.34E-05,6.014651424,3
GOTERM_BP_DIRECT,GO:0006468~protein phosphorylation,protein kinase,105,3.75,2.27E-07,"APP, TRIO, TESK2, SLK, PPME1, AKT3, PDK3, NEK1, MAP3K8, SOX9, MAP3K9, PDK1, CDKL2, PRKCG, CDKL3, CDKL5, PRKCH, PRKCB, IGFBP3, LMTK3, ADAM10, CASK, DYRK1B, CSNK1E, OBSCN, BRSK1, PRKDC, STK39, PIK3R1, NLK, STK3, SMAD2, CDK18, NEK9, CDK19, INSR, EIF2AK2, PHKB, BRAF, EIF2AK4, CLK4, SMAD5, PTK2, CLK3, DCLK1, BMP2, FER, CDK6, WNK1, PTK7, PTPRA, WNK3, ATM, CDK13, CDK16, ATR, FGFR1, GSK3B, SMG1, AATK, PIK3CD, IKBKB, RB1CC1, TLK2, TLK1, JAK3, PRKG1, MAP4K1, STRADA, KSR2, TYK2, OXSR1, TGFBR1, LATS1, HCK, LATS2, PEAK1, PIK3C3, FAM20A, GAS6, CAMK2D, PRKAA2, ROCK1, ACVR1B, CDC42, PAK3, MAP4K4, MAP3K2, MAP3K1, RIOK3, KLHL3, CDC42BPB, CDC42BPA, HIPK1, ACVR2B, HIPK3, HIPK2, MAPK10, SNRK, PINK1, TEC, STK17B, TAOK1, PKN2, TAF1",2451,503,19333,1.646558835,0.001417743,2.03E-04,2.02E-04,6.014651424,3
UP_SEQ_FEATURE,DOMAIN:Protein kinase,protein kinase,106,3.785714286,2.88E-07,"TRIO, TESK2, IGF1R, SLK, AKT3, NEK1, MAP3K8, MAP3K9, STK32A, STK32C, GTF2I, CDKL2, PRKCG, CDKL3, EPHA4, CDKL5, PRKCH, PRKCB, LMTK3, CASK, DYRK1B, CSNK1E, VRK3, UHMK1, OBSCN, ULK2, BRSK1, STK39, NLK, STK3, TTBK2, MAP2K5, MAP2K6, CDK18, NEK9, CDK19, YES1, INSR, EIF2AK1, EIF2AK2, BRAF, EIF2AK4, CLK4, PTK2, CLK3, DCLK1, TBCK, FER, CDK6, WNK1, PTK7, WNK3, CDK13, FGFR3, FGFR2, CDK16, FGFR1, DDR1, GSK3B, FLT1, AATK, IKBKB, DSTYK, TLK2, TLK1, JAK3, PRKG1, MAP4K1, CAMK1D, STRADA, KSR2, TYK2, OXSR1, TGFBR1, CIT, LATS1, HCK, LATS2, PEAK1, CAMK2D, PRKAA2, PNCK, ROCK1, PRKX, ACVR1B, PAK3, CLASP1, MAP4K4, MAP3K2, MAP3K1, RIOK3, CDC42BPB, CDC42BPA, HIPK1, ACVR2B, HIPK3, HIPK2, MAPK10, SNRK, PINK1, TEC, AXL, STK17B, TAOK1, PKN2",2621,508,20532,1.634580779,0.002641073,1.76E-04,1.76E-04,6.014651424,3
GOTERM_MF_DIRECT,GO:0004674~protein serine/threonine kinase activity,protein kinase,88,3.142857143,5.43E-07,"GSK3B, SMG1, TRIO, AATK, TESK2, IKBKB, DSTYK, SLK, AKT3, TLK2, NEK1, TLK1, PDK3, MAP3K8, MAP3K9, STK32A, STK32C, GTF2I, CDKL2, MAP4K1, PRKCG, CDKL5, CAMK1D, PRKCH, PRKCB, LMTK3, DYRK1B, CASK, CSNK1E, KSR2, OXSR1, VRK3, TGFBR1, UHMK1, CIT, LATS1, LATS2, OBSCN, ULK2, BRSK1, CAMK2D, PRKAA2, PNCK, ROCK1, PRKDC, STK39, PRKX, ACVR1B, NLK, STK3, TTBK2, TRPM7, PAK3, CLASP1, MAP2K5, MAP4K4, MAP2K6, MAP3K2, CDK18, NEK9, CDK19, MAP3K1, RIOK3, EIF2AK2, BRAF, EIF2AK4, CDC42BPB, CDC42BPA, HIPK1, CLK4, ACVR2B, HIPK3, CLK3, DCLK1, HIPK2, MAPK10, SNRK, PINK1, WNK1, STK17B, TAOK1, WNK3, PKN2, ATM, CDK13, CDK16, ATR, TAF1",2497,392,18908,1.699901106,9.60E-04,1.07E-04,1.05E-04,6.014651424,3
UP_KW_MOLECULAR_FUNCTION,KW-0418~Kinase,protein kinase,153,5.464285714,7.44E-07,"PANK3, TRIO, DGKA, TESK2, IGF1R, SLK, PPIP5K1, AKT3, PDK3, NEK1, MAP3K8, MAP3K9, STK32A, STK32C, PDK1, GTF2I, CDKL2, PRKCG, CDKL3, EPHA4, WSB1, CDKL5, PRKCH, PRKCB, MAGI2, LMTK3, CASK, DYRK1B, CSNK1E, VRK3, MAPK8IP3, UHMK1, OBSCN, AKAP9, ULK2, OBSL1, BRSK1, PFKFB4, PFKFB3, PRKDC, STK39, AK3, PIK3R1, NLK, STK3, TTBK2, TKFC, PGK1, PIP5K1A, TRPM7, MAP2K5, MAP2K6, IP6K2, FN3K, CDK18, NEK9, CDK19, YES1, INSR, EIF2AK1, EIF2AK2, PHKB, BRAF, HOOK3, EIF2AK4, CLK4, PTK2, CLK3, DCLK1, MOB1B, FER, CDK6, WNK1, HOOK1, GKAP1, WNK3, CALM3, ATM, CDK13, FGFR3, FGFR2, CDK16, ATR, FGFR1, CDKN1C, DDR1, GSK3B, CDKN1A, SMG1, CDKN1B, FLT1, SH3KBP1, AKAP8L, AATK, PIK3CD, HK2, IKBKB, NADK2, DSTYK, AKAP10, TLK2, TLK1, TK2, JAK3, PRKG1, PSTK, MAP4K1, CAMK1D, KSR2, TYK2, OXSR1, TGFBR1, CIT, LATS1, HCK, LATS2, PKM, PIK3C3, RBKS, CAMK2D, PRKAA2, PNCK, SGMS1, ROCK1, PRKX, ACVR1B, PAPSS1, GK5, PAK3, MAP4K4, MAP3K2, MAP3K1, RIOK3, KIDINS220, CDC42BPB, CDC42BPA, HIPK1, ACVR2B, HIPK3, HIPK2, MAPK10, SNRK, PFKL, PINK1, TEC, AXL, STK17B, TAOK1, PKN2, PFKM, PFKP, TAF1",1650,747,11719,1.454713399,7.30E-05,2.43E-05,2.13E-05,6.014651424,3
INTERPRO,"IPR000719:Protein kinase, catalytic domain",protein kinase,105,3.75,9.23E-07,"TRIO, TESK2, IGF1R, SLK, AKT3, NEK1, MAP3K8, MAP3K9, STK32A, STK32C, GTF2I, CDKL2, PRKCG, CDKL3, EPHA4, CDKL5, PRKCH, PRKCB, LMTK3, CASK, DYRK1B, CSNK1E, VRK3, UHMK1, OBSCN, ULK2, BRSK1, STK39, NLK, STK3, TTBK2, MAP2K5, MAP2K6, CDK18, NEK9, CDK19, YES1, INSR, EIF2AK1, EIF2AK2, BRAF, EIF2AK4, CLK4, PTK2, CLK3, DCLK1, TBCK, FER, CDK6, WNK1, PTK7, WNK3, CDK13, FGFR3, FGFR2, CDK16, FGFR1, DDR1, GSK3B, FLT1, AATK, IKBKB, DSTYK, TLK2, TLK1, JAK3, PRKG1, MAP4K1, CAMK1D, STRADA, KSR2, TYK2, OXSR1, TGFBR1, CIT, LATS1, HCK, LATS2, PEAK1, CAMK2D, PRKAA2, PNCK, ROCK1, PRKX, ACVR1B, PAK3, CLASP1, MAP4K4, MAP3K2, MAP3K1, CDC42BPB, CDC42BPA, HIPK1, ACVR2B, HIPK3, HIPK2, MAPK10, SNRK, PINK1, TEC, AXL, STK17B, TAOK1, PKN2",2508,502,19176,1.599248937,0.002646506,3.79E-04,3.76E-04,6.014651424,3
INTERPRO,"IPR017441:Protein kinase, ATP binding site",protein kinase,85,3.035714286,2.05E-06,"GSK3B, FLT1, AATK, TESK2, IGF1R, DSTYK, SLK, AKT3, TLK2, NEK1, TLK1, MAP3K9, STK32A, JAK3, PRKG1, STK32C, GTF2I, CDKL2, MAP4K1, PRKCG, CDKL3, EPHA4, CDKL5, CAMK1D, PRKCH, PRKCB, LMTK3, DYRK1B, TYK2, CSNK1E, OXSR1, TGFBR1, CIT, HCK, LATS2, OBSCN, ULK2, BRSK1, CAMK2D, PRKAA2, PNCK, ROCK1, STK39, PRKX, ACVR1B, NLK, STK3, TTBK2, PAK3, MAP2K5, MAP4K4, MAP2K6, MAP3K2, CDK18, CDK19, YES1, MAP3K1, INSR, EIF2AK1, EIF2AK2, BRAF, EIF2AK4, CDC42BPB, CDC42BPA, HIPK1, CLK4, HIPK3, CLK3, DCLK1, PTK2, HIPK2, FER, SNRK, TEC, CDK6, AXL, STK17B, TAOK1, PKN2, CDK13, FGFR3, FGFR2, CDK16, FGFR1",2508,390,19176,1.666421298,0.005873947,7.36E-04,7.32E-04,6.014651424,3
UP_KW_MOLECULAR_FUNCTION,KW-0723~Serine/threonine-protein kinase,protein kinase,89,3.178571429,4.43E-06,"GSK3B, SMG1, TRIO, AATK, TESK2, IKBKB, DSTYK, SLK, AKT3, TLK2, NEK1, TLK1, MAP3K8, MAP3K9, STK32A, PRKG1, STK32C, GTF2I, CDKL2, MAP4K1, PRKCG, CDKL3, CDKL5, CAMK1D, PRKCH, PRKCB, LMTK3, DYRK1B, CASK, CSNK1E, KSR2, OXSR1, TGFBR1, UHMK1, CIT, LATS1, LATS2, OBSCN, ULK2, BRSK1, CAMK2D, PRKAA2, PNCK, ROCK1, PRKDC, STK39, PRKX, ACVR1B, NLK, STK3, TTBK2, TRPM7, PAK3, MAP2K5, MAP4K4, MAP2K6, MAP3K2, CDK18, NEK9, CDK19, MAP3K1, RIOK3, EIF2AK1, EIF2AK2, BRAF, EIF2AK4, CDC42BPB, CDC42BPA, HIPK1, CLK4, ACVR2B, HIPK3, CLK3, DCLK1, HIPK2, MAPK10, SNRK, PINK1, CDK6, WNK1, STK17B, TAOK1, WNK3, PKN2, ATM, CDK13, CDK16, ATR, TAF1",1650,394,11719,1.604354715,4.34E-04,8.69E-05,7.62E-05,6.014651424,3
INTERPRO,"IPR008271:Serine/threonine-protein kinase, active site",protein kinase,71,2.535714286,5.16E-06,"GSK3B, TRIO, IKBKB, DSTYK, SLK, AKT3, TLK2, NEK1, TLK1, MAP3K8, MAP3K9, STK32A, PRKG1, STK32C, GTF2I, CDKL2, PRKCG, CDKL3, CDKL5, CAMK1D, PRKCH, PRKCB, DYRK1B, CSNK1E, KSR2, TGFBR1, CIT, LATS1, LATS2, OBSCN, ULK2, BRSK1, CAMK2D, PRKAA2, PNCK, ROCK1, PRKX, ACVR1B, NLK, PAK3, MAP2K5, MAP4K4, MAP2K6, CDK18, NEK9, CDK19, MAP3K1, EIF2AK1, EIF2AK2, BRAF, EIF2AK4, CDC42BPB, CDC42BPA, HIPK1, CLK4, ACVR2B, HIPK3, CLK3, DCLK1, HIPK2, MAPK10, SNRK, PINK1, CDK6, WNK1, STK17B, TAOK1, WNK3, PKN2, CDK13, CDK16",2508,316,19176,1.717915329,0.014720525,0.001482991,0.001473696,6.014651424,3
GOTERM_BP_DIRECT,GO:0018105~peptidyl-serine phosphorylation,protein kinase,45,1.607142857,1.46E-05,"BRSK1, GSK3B, SMG1, CAMK2D, PNCK, ROCK1, TNKS, PRKDC, SLC1A1, STK39, PRKX, TTBK2, IKBKB, AKT3, TLK2, TLK1, PDK3, RICTOR, STK32A, STK32C, PRKCG, MAP4K1, PRKCH, CAMK1D, PRKCB, DYRK1B, CSNK1E, VRK3, HIPK1, HIPK3, TGFBR1, DCLK1, HIPK2, UHMK1, LATS1, PINK1, LATS2, WNK1, ULK2, PKN2, ATM, GAS6, TDGF1, TAF1, ATR",2451,182,19333,1.950280442,0.087314479,0.006524901,0.006493577,6.014651424,3
GOTERM_MF_DIRECT,GO:0004672~protein kinase activity,protein kinase,79,2.821428571,3.64E-05,"GSK3B, SMG1, AATK, TESK2, IKBKB, AKT3, TRIM24, NEK1, PDK3, MAP3K8, MAP3K9, PRKG1, PDK1, CDKL2, MAP4K1, PRKCG, CDKL3, EPHA4, CDKL5, PRKCH, STRADA, PRKCB, LMTK3, DYRK1B, CASK, TYK2, CSNK1E, KSR2, VRK3, TGFBR1, CIT, OBSCN, PEAK1, PIK3C3, BRSK1, PRKAA2, PNCK, ROCK1, PRKDC, STK39, NLK, STK3, TTBK2, MAP2K5, MAP4K4, MAP2K6, MAP3K2, CDK18, NEK9, CDK19, MAP3K1, EIF2AK1, EIF2AK2, BRAF, EIF2AK4, CDC42BPB, HIPK1, HIPK3, CLK3, DCLK1, PTK2, HIPK2, MAPK10, TBCK, SNRK, PINK1, TEC, WNK1, PTK7, STK17B, TAOK1, WNK3, PKN2, CDK13, FGFR2, CDK16, ATR, TAF1",2497,379,18908,1.578392224,0.062404295,0.004027204,0.003970355,6.014651424,3
SMART,SM00220:S_TKc,protein kinase,82,2.928571429,7.61E-05,"GSK3B, TRIO, IKBKB, DSTYK, SLK, AKT3, TLK2, NEK1, TLK1, MAP3K8, MAP3K9, STK32A, PRKG1, STK32C, GTF2I, CDKL2, MAP4K1, PRKCG, CDKL3, EPHA4, CDKL5, CAMK1D, PRKCH, STRADA, PRKCB, DYRK1B, CASK, CSNK1E, KSR2, OXSR1, VRK3, TGFBR1, UHMK1, CIT, LATS1, LATS2, OBSCN, PEAK1, ULK2, BRSK1, CAMK2D, PRKAA2, PNCK, ROCK1, STK39, PRKX, ACVR1B, NLK, STK3, TTBK2, PAK3, MAP2K5, MAP4K4, MAP2K6, MAP3K2, CDK18, NEK9, CDK19, MAP3K1, EIF2AK1, EIF2AK2, BRAF, EIF2AK4, CDC42BPB, CDC42BPA, HIPK1, CLK4, HIPK3, CLK3, DCLK1, HIPK2, MAPK10, SNRK, PINK1, CDK6, WNK1, STK17B, TAOK1, WNK3, PKN2, CDK13, CDK16",1535,365,10379,1.519036188,0.040786541,0.013880019,0.013677021,6.014651424,3
UP_KW_DOMAIN,KW-0863~Zinc-finger,TF,359,12.82142857,3.54E-16,"ATF2, ZNF296, ZFYVE9, ZMYND8, ZNF292, JMJD1C, CBLB, IKZF2, GPATCH8, ZDBF2, ZC3H12C, ZNF608, ZSCAN30, ZMIZ1, PEG10, ZNF605, TRIM24, ZNF844, ZNF721, SCAPER, TRIM22, PRKCG, PRKCH, ESCO1, PRKCB, SCAF11, ZNF160, ZFP2, NSMCE1, ZNF12, ZNF14, THAP2, RC3H2, THAP6, THAP5, ZFYVE16, ZNF839, ZNF717, ZNF714, THAP9, ZNF711, ZFPM1, OPTN, ZNF276, ZNF397, L3MBTL1, ZNF154, ZNF395, MTMR3, ZNF391, MYCBP2, TSHZ2, BAZ2A, BAZ2B, ZBTB4, MBTD1, RNF213, ZNF704, RNF217, VPS8, HLTF, HIVEP1, ZBED1, ZNF148, ZNF146, TRMT1L, ZSCAN18, ZRANB3, ZNF264, PHC2, ZRANB1, ZNF141, ZNF382, TIPARP, ZNF260, BRAF, NR1D2, ZNF34, TRERF1, PHC3, MLLT10, RNF227, ZNF138, DZIP1, RBAK, ZNF135, DZIP3, ZNF133, ZNF254, PHF3, CDKN1A, ZNF251, PHF20, TUT4, OTUD7B, ZNF43, RSF1, ASH2L, ZNF44, PHF7, TRIM8, EEA1, ING4, GLI4, ZMYM2, PCLO, ZMYM4, TRIM2, ZMYM5, ZNF280C, ZMYM6, REV3L, RNF150, ARIH1, SHPRH, TET1, ASH1L, CBFA2T2, CBFA2T3, CIT, RNF169, ZEB1, AEBP2, MTF2, TAX1BP1, ZNF117, PPARA, ZNF470, ZNF518B, ZNF518A, XIAP, ZNF66, NSD3, FGD4, ZFP14, FGD6, NSD2, ZSWIM8, ZNF227, ZSWIM6, ZNF226, ZNF467, RNF130, LNPK, ZNF585A, RUNX1T1, EGLN1, ZNF100, MAP3K1, ANKIB1, ZNF581, ZNF580, MIB2, ZNF77, MYO9A, GATAD2B, MIB1, ZNF33A, RNF146, RNF149, TTC3, NBR1, TCEA2, ZNF217, TCEA1, ZNF337, ZNF577, ZNF334, ZNF354C, ZNF333, ZFP28, ZNF331, ZNF451, ZBTB25, DGKA, ZFAND5, ZBTB26, ZBTB21, ZBTB20, PRDM2, UBE3A, RORA, ZFAND1, SALL1, ZFP30, SALL3, ZNF83, RNF19A, SALL4, POGZ, ZNF329, ZNF449, ARID2, ZNF445, ZFP37, ZNF322, ZNF563, ZNF441, MYLIP, ZNF681, KDM2A, ZGRF1, USP3, ZBTB37, ZCRB1, PIAS2, PIAS1, CLIP1, ZNF91, ACAP2, KAT6B, KAT6A, ZNF678, WDFY3, ADNP, ZNF677, UTRN, ZNF555, ZNF433, ZNF675, ZNF431, CUL9, KMT2E, ZNF793, ZNF791, KMT2A, KMT2C, UBR2, DTX3, RLF, RASGRP1, PHF21A, PHF21B, RAI1, ZMAT1, ZMAT4, ZKSCAN8, DNAJC21, UBR5, ZNF428, ZBBX, ZKSCAN2, RNF170, SMYD4, USP51, ZNF667, SMYD3, ZNF785, PDZD8, ZNF664, ANKZF1, ZKSCAN1, BPTF, ZNF783, ZBTB18, PHF11, ZBTB10, HELZ, ZFHX4, LIN28B, BCL6, ZNF419, ZNF418, ZNF658, MDM2, RNF181, PHF13, MDM4, SP8, ZNF655, ZNF654, ZNF532, ZNF652, PLEKHM3, KDM5A, KDM5B, ZNF891, ZNF770, TRIM73, CALCOCO1, RBM26, KDM5D, BNC2, CALCOCO2, AKAP8L, CHD4, CHD3, ZC3H6, ZFP82, RBM4, ZIC2, ZIC3, GATAD1, ZNF404, ZNF644, POLK, ZNF521, ZNF883, RBM5, KLF11, ZNF880, USP49, KLF13, ATRX, KSR2, ZNF75D, ARFGAP3, PJA2, ZFP90, AGAP9, ZNF519, RASA4, ZNF638, TRAF5, ZNF516, ZNF514, TRIM54, BIRC2, FAN1, KDM7A, TRIM56, USP13, KDM3A, KDM3B, UHRF2, ROCK1, PLAG1, RNF38, RNF5, CXXC4, ZBTB41, MTA1, ZNF507, ZNF626, ZNF621, MTA3, ZNF740, TRIM44, TRIM45, KDM4B, KDM4C, TAF15, ZFC3H1, CDC42BPB, ZIC5, KLF4, CDC42BPA, CTCFL, KLF8, REST, TEC, ZNF738, LNX1, SNRNP48, TRIM37, TRIM38, ZNF732, ZNF610, ZNF730",1922,1829,14486,1.479366707,9.99E-15,3.54E-15,2.72E-15,5.955456286,4
GOTERM_BP_DIRECT,"GO:0006355~regulation of transcription, DNA-templated",TF,195,6.964285714,6.19E-11,"ATF2, ZMYND8, JMJD1C, SOX21, SOX2, SOX3, PPP2R1A, SOX15, GPBP1, MYB, ZNF844, ZNF721, TRIM22, ZNF160, RFX3, SOX11, ZNF12, ZNF717, ZNF714, ZNF711, CLOCK, L3MBTL1, ZNF154, ZNF395, CRABP2, MAGED1, BAZ2A, NLK, ZBTB4, MBTD1, MIER1, ZBED1, ZNF146, ZNF264, ZNF141, ZNF382, MTERF2, INSR, POU6F2, SMARCA5, NR1D2, ZNF34, SMARCA1, GOLGB1, HBP1, ZNF138, RBAK, ZNF135, ZNF133, ZNF254, SETD5, SETD2, BTG1, ZNF251, PHF20, CITED2, SPIN3, BHLHE41, ZNF43, RSF1, ZNF44, HIF3A, ING4, GLI4, ZNF280C, TFEB, ASH1L, MLF1, SUPT3H, MED23, MN1, MTF2, ZNF117, VGLL3, ZNF470, ZNF66, NSD3, ZFP14, NFIL3, NSD2, ZNF227, GPBP1L1, ZNF226, APBB1, ZNF585A, ZNF100, ATAD2, ZNF77, ZNF33A, NFIA, TCEA2, ZNF217, TCEA1, ZNF337, ZNF577, ZNF334, ZNF333, ZFP28, ZNF331, WWC2, ARID4B, PRDM2, RORA, EFEMP1, ZFP30, ZNF83, ARID2, ZNF445, ZFP37, ZNF563, ZNF441, TLE4, ZNF681, ZNF91, DMTF1, KAT6B, KAT6A, PPIE, ZNF678, ZNF677, ZNF433, ZNF675, AJUBA, ZNF431, KMT2E, HOMEZ, ZNF793, ZNF791, KMT2C, ATXN1, ZKSCAN8, ZNF667, ZNF785, ZNF664, ZKSCAN1, BPTF, SMAD2, SMAD4, NONO, SMAD9, FOXN3, SMAD5, NFKB2, DRAP1, MLXIPL, BMP2, YEATS2, ZNF419, ZNF418, BHLHE40, ZNF658, ZNF655, ZNF891, BNC2, ONECUT1, HP1BP3, CHD7, CHD3, ZFP82, GATAD1, ZNF404, HMG20A, ERC1, ZNF880, ATRX, ZNF75D, ZFP90, TGFBR1, ZNF519, ZNF788P, ZNF516, TERF2IP, ZNF514, USP13, PLAG1, ACVR1B, MLLT3, MTA1, TP53INP1, ZNF626, VHL, ZNF621, MTA3, HES4, TCFL5, ATF7IP, TAF15, MEIS3, ACVR2B, REST, ZNF738, ZNF732, SSBP2, ZNF610, ZNF730",2451,979,19333,1.571114581,3.87E-07,3.87E-07,3.85E-07,5.955456286,4
UP_SEQ_FEATURE,DOMAIN:C2H2-type,TF,123,4.392857143,6.20E-11,"ZNF331, ATF2, ZNF451, ZBTB25, ZNF292, ZBTB21, ZBTB20, PRDM2, IKZF2, GPATCH8, SALL1, ZNF608, ZFP30, SALL3, ZSCAN30, ZNF83, SALL4, ZNF329, POGZ, ZNF449, ZNF844, ZNF721, ARID2, ZNF445, ZNF322, ZNF563, ZNF681, ZNF160, ZBTB37, ZFP2, ZNF91, ZNF839, ZNF717, ZNF714, ZNF678, ADNP, ZNF433, ZNF431, ZNF276, ZNF154, ZNF791, ZNF391, TSHZ2, ZBTB4, ZMAT1, ZMAT4, ZKSCAN8, DNAJC21, ZNF428, HIVEP1, ZNF667, ZNF148, ZNF785, ZNF664, ANKZF1, ZKSCAN1, TRMT1L, ZSCAN18, ZNF264, ZNF141, ZNF382, ZNF260, ZBTB10, ZNF34, TRERF1, ZFHX4, BCL6, ZNF418, ZNF658, SP8, ZNF138, ZNF655, DZIP1, ZNF532, ZNF135, ZNF652, ZNF133, ZNF254, ZNF891, ZNF770, BNC2, PHF20, ZNF43, ZNF44, ZFP82, EEA1, ZIC2, ZNF280C, ZNF404, ZNF644, ZNF521, RBM5, KLF11, KLF13, ZNF75D, ZEB1, AEBP2, ZNF516, PLAG1, ZNF66, ZBTB41, ZNF507, ZNF626, ZNF227, ZNF226, ZNF621, ZNF585A, ZNF100, ZNF581, ZNF77, KLF4, CTCFL, KLF8, ZNF33A, REST, ZNF738, ZNF217, ZNF337, ZNF732, ZNF577, ZNF334, ZNF333, ZFP28",2621,535,20532,1.801007677,5.69E-07,1.14E-07,1.13E-07,5.955456286,4
GOTERM_MF_DIRECT,GO:0046872~metal ion binding,TF,459,16.39285714,2.12E-10,"ATF2, ZNF296, OSGEPL1, ZFYVE9, ZNF292, ITSN1, TESK2, ALKBH7, GPATCH8, ZC3H12C, ALKBH5, ZSCAN30, PRKCH, ENDOG, ZNF160, CACNA2D2, ZNF12, DICER1, HDHD2, ZNF14, RC3H2, ZFYVE16, UQCRC2, FREM2, OPTN, IDO1, ZNF397, ZNF154, ZNF395, EXD3, MTMR3, ZNF391, BAZ2A, BAZ2B, RNF213, ADAMTS19, RNF217, AMZ2, ZNF148, ZSCAN18, LHPP, ZNF264, ZNF141, ZNF382, NEBL, TIPARP, ZNF260, ZNF34, COL1A1, MLLT10, COL1A2, AGO3, RNF227, ZNF138, DZIP1, PAM, DZIP3, ZNF135, ZNF254, ZNF133, PHF3, CDKN1A, SETD2, SMG1, ZNF251, PHF20, ZNF43, ZNF44, ASH2L, PHF7, ASGR1, TRIM8, ING4, GLI4, CSRP2, TRIM2, ZNF280C, RNF150, SHPRH, CNOT6L, KCND2, ASH1L, SIRT1, SUMF2, FAHD2A, CIT, RNF169, AEBP2, MTF2, HLA-DQB1, C11ORF54, ZNF470, COL11A1, ZNF518B, ZNF518A, ZNF66, ADCY6, NSD3, FGD4, LMAN1, ERMP1, FGD6, NSD2, ZNF227, ZNF226, ZNF467, P4HTM, RNF130, RUNX1T1, ZNF100, ANKIB1, ZNF581, ZNF580, RIOK3, ZNF77, ZNF33A, TTLL6, TTLL3, RNF149, TTLL1, YPEL1, ZNF217, ZNF337, YPEL5, ZNF577, ZNF334, ZNF333, YPEL3, YPEL2, ZNF331, ZNF451, ZBTB25, ZBTB26, ZBTB21, ZBTB20, ATP12A, SLC8A2, PPP1CB, PPP1CC, SALL1, ZFP30, SALL3, RNF19A, SALL4, PHYHD1, ZNF329, PAPOLA, ZNF449, PMPCB, NEK1, KMT5B, STK32A, ZNF445, STK32C, ZNF322, ZNF563, ZNF441, MYLIP, ZNF681, KMT5C, IGFBP3, ZBTB37, ACAP2, OBSCN, KAT6B, KAT6A, FKBP8, ADAM9, ZNF678, ZNF677, ZNF555, ZNF433, AJUBA, ZNF431, CUL9, KMT2E, ZNF793, ZNF791, KMT2C, RLF, PHF21A, PHF21B, TKFC, ZNF428, ZKSCAN8, ZBBX, ZKSCAN2, RNF170, SMYD4, ZNF667, SMYD3, NPTX1, ZNF785, ZNF664, ZKSCAN1, MAP2K5, DRD4, ZNF783, ZBTB18, NEK9, NRDC, ZBTB10, MOB1B, BCL6, ZNF419, ZNF418, LHX1, MDM2, ZNF658, RNF181, MDM4, SP8, ZNF655, ZNF654, ZNF532, ZNF652, PLEKHM3, ZNF891, ZNF770, CALCOCO1, BNC2, CALCOCO2, POMT1, AKAP8L, ZC3H6, ZFP82, MB, PGM3, ZNF404, ZNF644, UTY, ZNF521, ZNF883, ZNF880, ATRX, ZNF75D, KSR2, ARFGAP3, ZFP90, RRM2B, ZNF519, PCCA, CTDSP1, ZNF516, ZNF514, ITGA6, BIRC2, TRIM56, PRKAA2, UHRF2, ROCK1, PLAG1, HDAC1, RNF38, PPM1K, PPM1E, HDAC9, ZBTB41, HECTD1, ZNF507, ZNF626, TNNI3, ZNF621, ZNF740, DDHD2, DDHD1, CTCFL, KLF8, MGAT4C, PFKL, RAD50, FRAS1, ZNF738, IMPDH2, SNRNP48, TRIM37, ZNF732, ZNF610, PFKM, ZNF730, PFKP, CPNE5, ZMYND8, JMJD1C, IKZF2, ZNF608, ZNF605, ZNF844, ZNF721, ESCO1, LIMCH1, SCAF11, ZFP2, NSMCE1, THAP2, THAP6, ZNF839, THAP5, ZNF717, ZNF714, THAP9, SUCLG2, ZNF711, ZFPM1, NAIP, MYCBP2, TSHZ2, BRCC3, ZBTB4, BRIP1, ZNF704, HLTF, VPS8, HIVEP1, ZBED1, TRPM7, ARSG, RIMKLA, ARSD, RIMKLB, TRMT1L, ZRANB3, ZRANB1, ADHFE1, TRERF1, PDE3A, COL9A1, TP73, DDR1, NRP1, TOP2B, NRP2, RSF1, CLYBL, REV3L, IDS, ARIH1, COMMD3, ANO6, CBFA2T2, CBFA2T3, PITPNM3, TAX1BP1, RHOU, MPND, GDPD1, XIAP, GDPD2, ZFP14, NT5M, PAK3, LNPK, ZNF585A, MAP3K2, LMLN, NUBPL, C1GALT1, MIB2, MYO9A, TTC3, ZNF354C, ZFP28, GALNT12, GALNT11, GALNT17, UBE3A, ZNF83, POGZ, ENPP4, ARID2, LMTK3, ADAM10, RSBN1, WDFY3, STEAP2, GNAZ, SLC1A1, CACNA1A, DTX3, LPP, RAI1, MAN2A2, MAN2A1, PDZD8, ANKZF1, BPTF, SMAD2, SMAD4, PHF11, SMAD9, HELZ, SMAD5, PAN2, GNAL, COL5A1, CPS1, CAPRIN2, PHF13, KDM5B, KDM5D, RBM26, CHD4, MTR, CHD3, TENT4A, ADAL, ZIC2, ZIC3, PDE4A, POLI, POLL, POLK, NOS1, GALNT9, RBM5, KDM6B, KLF11, KLF13, PJA2, TGFBR1, AGAP9, LATS2, RASA4, CAT, PDE5A, HAGH, FBP1, FAN1, B4GALT4, RBKS, KDM7A, COLEC12, KDM3B, NRXN1, ACVR1B, ATP2C1, RNF5, HMGCL, NT5DC1, PDLIM3, UGP2, PDLIM2, MTA1, PDE6B, TENT2, MTA3, KDM4B, KDM4C, ZNF185, TAF15, ATP2B4, ZFC3H1, ZIC5, ACVR2B, CCS, REST, TEC, ERCC2, LNX1",2497,2675,18908,1.299319482,3.75E-07,1.25E-07,1.23E-07,5.955456286,4
UP_KW_BIOLOGICAL_PROCESS,KW-0805~Transcription regulation,TF,431,15.39285714,4.72E-10,"ATF2, ZNF296, ZNF292, ENO1, SOX21, ELK4, ZSCAN30, ZMIZ1, CREB3L4, SOX15, CREB3L1, MYB, GPBP1, BBX, VPS36, MEF2A, DDX17, TSPYL2, PRKCB, ZNF160, RFX3, SOX11, ZNF12, ZNF14, RFX5, TXNIP, CLOCK, ATF6, ZNF397, ZNF276, ZNF154, ZNF395, ZNF391, XPC, BAZ2A, BAZ2B, RAD21, ZNF148, ZSCAN18, ZNF264, HACE1, ZNF141, JUND, ZNF382, GTF2IRD2, ZNF260, MTERF2, POU6F2, PBX3, EIF2AK2, PBX2, NR1D2, ZNF34, ELL2, PBX1, NFATC4, MOV10, MLLT10, REL, HBP1, ZNF138, EZH1, ZNF135, ZNF254, ZNF133, SETD5, SETD2, BTG2, ZNF251, PHF20, BHLHE41, ZNF43, ZNF44, ASH2L, HIF3A, CHAF1B, MED14, NIPBL, MED13, ZNF280C, CNOT6L, TCF12, TET1, ASH1L, SIRT1, MED28, MED23, NCOR1, ZEB1, AEBP2, ZNF117, PPARA, TMF1, ZNF470, ZNF518B, ZNF518A, ZNF66, NSD3, NSD2, ZNF227, ZNF226, BRD7, ZNF467, RUNX1T1, ZNF100, CASP8AP2, ZNF581, ZNF580, STAT2, ATAD2, ZNF77, HIPK1, GATAD2B, GTF2H5, HIPK3, LRPPRC, HIPK2, ZNF33A, NFIA, NFIB, ZNF217, PKN2, ZNF337, ZNF577, ZNF334, ZNF333, ZNF331, ZNF451, CCNT2, ZBTB25, ZBTB26, CTNND1, ZBTB21, ZBTB20, RORA, SALL1, ZFP30, SALL3, SALL4, ZNF329, ZNF449, KMT5B, MAP3K9, ZNF445, ZFP37, ZNF322, ZNF563, GTF2I, ZNF441, TLE4, ZNF681, KMT5C, ZBTB37, PIAS2, PIAS1, MAF, DMTF1, KAT6B, KAT6A, ZNF678, ADNP, ZNF677, TOX, ZNF555, ZNF433, ZNF675, AJUBA, ZNF431, KMT2E, ZNF793, ZNF791, KMT2A, KMT2C, FOXO6, FHIT, NPAS1, RLF, PHF21A, FOXO1, ATXN1, MED30, ZKSCAN8, ZKSCAN2, ZNF667, ZNF785, ZNF664, ZKSCAN1, ZNF783, MAP2K6, ZBTB18, ZBTB10, FOXN3, NFKB2, DRAP1, MLXIPL, BCL6, CNOT1, ZNF419, ZNF418, LHX1, ZNF658, SP8, ZNF655, ZNF654, ZNF532, ZNF652, ZNF891, ZNF770, CALCOCO1, BNC2, ONECUT1, AKAP8L, ZFP82, HHEX, SIN3A, PPP1R13L, ZNF404, HMG20A, ZNF644, ZNF521, ZNF883, RFC1, ATRX, ZNF75D, ZFP90, ZNF519, ZNF638, ZNF516, LCOR, ZNF514, LCORL, BDP1, BIRC2, NFAT5, PRKAA2, PLAG1, HDAC1, MLLT3, HDAC9, ZBTB41, IFI16, ZNF507, TP53INP1, ZNF626, ASCC3, ZNF621, ZNF740, BEND5, IRX3, MGA, TBX6, KLF4, PTPN14, PNRC1, CTCFL, KLF8, ZNF738, CEBPZ, ZNF732, ZNF610, ZNF730, ZMYND8, FOXI3, JMJD1C, IKZF2, RCBTB1, UXT, SOX2, PNN, SOX3, ZNF608, ZNF605, TRIM24, CPNE1, ZNF844, SOX9, ZNF721, TRIM22, SOX5, SMARCC1, SMARCC2, ZFP2, FOXH1, THAP5, ZNF717, ZNF714, ZNF711, BCORL1, ZFPM1, L3MBTL1, TSHZ2, NLK, ZBTB4, MBTD1, ZNF704, MIER1, HIVEP1, ZBED1, TP53BP1, ARGLU1, SCAI, PARP14, SMARCA1, TRERF1, MED13L, ID2, ID4, CREBRF, RBAK, RCOR2, TP73, TENM1, CSRNP3, CITED2, NKAP, RSF1, ZMYM2, ZMYM5, FOXD1, TSC22D1, NCOA3, TFE3, TFEB, COMMD3, COMMD6, CBFA2T2, CBFA2T3, SUPT3H, MN1, TOX3, VGLL3, SATB1, PURA, ZFP14, CUX1, NFIL3, SERTAD2, HSF2, GPBP1L1, APBB1, TBL1X, ZNF585A, CDX4, CAVIN1, PER3, TCEA2, CTNNB1, TCEA1, ZNF354C, ZFP28, ICE2, ARID4B, PRDM2, CARF, LOXL2, ZNF83, ARID2, SLC30A9, KDM2A, KCTD1, CDYL, POU3F4, EEF1A1, ZNF91, TIMELESS, HOMEZ, SUPT6H, CAMTA1, BPTF, SMAD2, CBX7, TFAP2C, SMAD4, CBX4, NONO, PHF11, SMAD9, POU2F2, ZFHX4, SMAD5, BHLHE40, TCF4, BRWD1, FGFR1, KDM5A, KDM5B, KDM5D, CHD9, CHD7, HMGB2, CHD6, PSIP1, CHD4, CHD3, CHD2, AFF4, DBP, ZIC2, SNAPC1, ZIC3, SNAPC3, RB1CC1, KLF11, KLF13, OLIG3, OLIG1, RBL2, DPPA4, ELF3, TERF2IP, KDM7A, KDM3A, KDM3B, CIART, MTA1, FAM120B, MXI1, HES4, TCFL5, ATF7IP, SPEN, TCF7L2, KDM4B, KDM4C, ARID3A, REST, TEF, ERCC2, ERCC6, PAXBP1, TAF1",1583,2378,11229,1.285658386,7.55E-08,7.55E-08,7.22E-08,5.955456286,4
INTERPRO,IPR013087:Zinc finger C2H2-type/integrase DNA-binding domain,TF,168,6,8.95E-10,"ZNF331, ATF2, ZNF451, ZNF296, ZBTB25, ZNF292, ZBTB26, ZBTB21, ZBTB20, PRDM2, IKZF2, GPATCH8, SALL1, ZNF608, ZFP30, SALL3, ZSCAN30, ZNF83, SALL4, ZNF605, ZNF329, POGZ, ZNF449, ZNF844, ZNF721, ARID2, ZNF445, ZFP37, ZNF322, ZNF563, ZNF441, ZNF681, ZNF160, ZBTB37, ZFP2, ZNF12, ZNF14, ZNF91, ZNF839, ZNF717, ZNF714, ZNF678, ZNF711, ADNP, ZNF677, ZNF555, ZFPM1, ZNF675, ZNF433, ZNF431, ZNF793, ZNF397, ZNF276, ZNF154, ZNF395, ZNF791, ZNF391, TSHZ2, ZBTB4, RLF, ZMAT1, ZNF704, ZMAT4, ZKSCAN8, DNAJC21, ZNF428, HIVEP1, ZKSCAN2, ZNF667, ZNF148, ZNF785, ZNF664, ZNF146, ANKZF1, ZKSCAN1, TRMT1L, ZSCAN18, ZBTB18, ZNF264, ZNF141, ZNF382, ZNF260, ZBTB10, ZNF34, TRERF1, ZFHX4, BCL6, ZNF419, ZNF418, ZNF658, SP8, ZNF138, ZNF655, DZIP1, RBAK, ZNF654, ZNF532, ZNF135, ZNF652, ZNF133, ZNF254, ZNF891, ZNF770, ZNF251, BNC2, PHF20, ZNF43, ZNF44, ZFP82, EEA1, GLI4, ZIC2, ZIC3, ZNF280C, ZNF404, ZNF644, ZNF521, ZNF883, RBM5, KLF11, ZNF880, KLF13, ZFR, ZNF75D, ZFP90, ZEB1, ZNF519, AEBP2, ZNF638, ZNF516, ZNF514, ZNF117, ZNF470, PLAG1, ZNF518B, ZNF518A, ZNF66, ZBTB41, ZFP14, ZNF507, ZNF626, ZNF227, ZNF226, ZNF621, ZNF467, ZNF740, ZNF585A, ZNF100, ZNF581, ZNF580, SORBS2, ZNF77, ZIC5, KLF4, CTCFL, KLF8, ZNF33A, REST, ZNF217, ZNF337, ZNF732, ZNF577, ZNF610, ZNF334, ZNF730, ZNF354C, ZNF333, ZFP28",2508,813,19176,1.579971398,2.57E-06,1.41E-06,1.40E-06,5.955456286,4
GOTERM_BP_DIRECT,GO:0006357~regulation of transcription from RNA polymerase II promoter,TF,302,10.78571429,1.14E-09,"APP, ATF2, ZNF296, FOXI3, ZNF292, JMJD1C, IKZF2, SOX21, UXT, ELK4, ZNF608, ZSCAN30, ZMIZ1, CREB3L4, SOX15, CREB3L1, ZNF605, BBX, ZNF844, SOX9, ZNF721, SOX5, MEF2A, DDX17, SMARCC1, SMARCC2, PRKCB, ZNF160, ZFP2, RFX3, ZNF12, ZNF14, ZNF717, ZNF714, RFX5, ZNF711, CLOCK, ATF6, ZNF276, ZNF397, ZNF154, ZNF395, MAGED1, ZNF391, TSHZ2, BAZ2B, BRIP1, RAD21, ZNF704, HIVEP1, ZBED1, ZNF148, ZNF146, ZSCAN18, ABCA2, ZNF264, JUND, ZNF382, GTF2IRD2, ZNF260, POU6F2, SMARCA5, PBX3, PBX2, ZNF34, TRERF1, PBX1, NFATC4, MED13L, MLLT10, CREBRF, REL, HBP1, ZNF138, RBAK, RCOR2, PAM, ZNF135, TP73, ZNF133, ZNF254, CSRNP3, ZNF251, PHF20, BHLHE41, ZNF43, ZNF44, HIF3A, GLI4, MED14, MED13, ZNF280C, FOXD1, TSC22D1, TCF12, TFE3, TFEB, SUPT3H, MED23, TOX3, ZEB1, NCOR1, AEBP2, ZNF117, VGLL3, ZNF470, SATB1, ZNF518B, ZNF518A, ZNF66, PURA, ZFP14, NFIL3, CUX1, HSF2, ZNF227, ZNF226, TBL1X, ZNF467, BRD7, ZNF585A, PURG, ZNF100, CDX4, MYEF2, ZNF581, ZNF580, STAT2, ELP2, ZNF77, ELP4, TARBP1, VEGFA, ZNF33A, NFIA, NFIB, ZNF337, ZNF577, ZNF334, ZNF354C, ZNF333, ZFP28, ZNF331, CCNT2, ZBTB25, ZBTB26, ZBTB21, ZBTB20, ARID4B, PRDM2, NUCKS1, RORA, CARF, SALL1, ZFP30, SALL3, ZNF83, SALL4, ZNF329, ZNF449, ARID2, ZNF445, ZFP37, ZNF322, ZNF563, ZNF441, ZNF681, KDM2A, ZBTB37, PIAS2, POU3F4, PIAS1, MYCL, ZNF91, MAF, DMTF1, ZNF678, PHIP, ADNP, ZNF677, TOX, ZNF555, ZNF433, HOMEZ, ZNF793, ZNF791, FOXO6, NPAS1, RLF, FOXO1, RAI1, TTC21B, ZKSCAN8, CAMTA1, ZKSCAN2, OTX2, ZNF667, ZNF785, ZNF664, ZKSCAN1, BPTF, ZNF783, ZBTB18, SMAD2, TFAP2C, SMAD4, ZBTB10, SMAD9, FOXN3, POU2F2, ZFHX4, SMAD5, NFKB2, MLXIPL, BCL6, YEATS2, ZNF419, ZNF418, LHX1, JMY, BHLHE40, RFXAP, MYF6, ZNF658, MDM2, MDM4, SP8, TCF4, ZNF655, BRWD1, ZNF654, OGT, BRWD3, ZNF652, ZNF891, ZNF770, ONECUT1, HMGB2, PSIP1, CHD4, CHD3, ZFP82, CHD2, HHEX, DBP, BCL7A, ZIC2, PPP1R13L, ZIC3, ZNF404, ZNF644, ZNF521, ZNF883, KLF11, ZNF880, KLF13, OLIG3, OLIG1, ZNF75D, ZFP90, RBL2, ZNF519, ELF3, CTDSP1, ZNF516, ZNF514, LCOR, LCORL, SOS1, KDM7A, NFAT5, KDM3A, CAMK2D, KDM3B, HDAC1, MLLT3, ZBTB41, ZNF626, MXI1, ZNF621, ZNF740, HES4, IRX1, SPEN, TCF7L2, IRX2, KDM4C, MGA, IRX3, ATP2B4, ARID3A, TBX6, ZIC5, MEIS3, KLF4, CTCFL, KLF8, TNIP1, TEF, ZNF732, ZNF610, ZNF730",2451,1723,19333,1.382539681,7.12E-06,2.37E-06,2.36E-06,5.955456286,4
UP_KW_BIOLOGICAL_PROCESS,KW-0804~Transcription,TF,437,15.60714286,3.05E-09,"ATF2, ZNF296, ZNF292, ENO1, SOX21, ELK4, ZSCAN30, ZMIZ1, CREB3L4, SOX15, CREB3L1, MYB, GPBP1, BBX, VPS36, MEF2A, DDX17, TSPYL2, PRKCB, ZNF160, RFX3, SOX11, ZNF12, ZNF14, RFX5, TXNIP, CLOCK, ATF6, ZNF397, ZNF276, ZNF154, ZNF395, ZNF391, XPC, BAZ2A, BAZ2B, RAD21, ZNF148, ZSCAN18, ZNF264, HACE1, ZNF141, JUND, ZNF382, GTF2IRD2, ZNF260, MTERF2, POU6F2, PBX3, EIF2AK2, PBX2, NR1D2, ZNF34, ELL2, PBX1, NFATC4, MOV10, MLLT10, REL, HBP1, ZNF138, EZH1, ZNF135, ZNF254, ZNF133, SETD5, SETD2, BTG2, ZNF251, PHF20, BHLHE41, ZNF43, ZNF44, ASH2L, HIF3A, CHAF1B, MED14, NIPBL, MED13, ZNF280C, CNOT6L, TCF12, TET1, ASH1L, SIRT1, MED28, MED23, NCOR1, ZEB1, AEBP2, ZNF117, PPARA, TMF1, ZNF470, ZNF518B, ZNF518A, ZNF66, NSD3, NSD2, ZNF227, ZNF226, BRD7, ZNF467, RUNX1T1, ZNF100, CASP8AP2, ZNF581, ZNF580, STAT2, ATAD2, ZNF77, HIPK1, GATAD2B, GTF2H5, HIPK3, LRPPRC, HIPK2, ZNF33A, NFIA, NFIB, ZNF217, PKN2, ZNF337, ZNF577, ZNF334, ZNF333, ZNF331, ZNF451, CCNT2, ZBTB25, ZBTB26, CTNND1, ZBTB21, ZBTB20, RORA, SALL1, ZFP30, SALL3, SALL4, ZNF329, ZNF449, KMT5B, MAP3K9, ZNF445, ZFP37, ZNF322, ZNF563, GTF2I, ZNF441, TLE4, ZNF681, KMT5C, ZBTB37, PIAS2, PIAS1, MAF, DMTF1, KAT6B, KAT6A, ZNF678, ADNP, ZNF677, TOX, ZNF555, ZNF433, ZNF675, AJUBA, ZNF431, KMT2E, ZNF793, ZNF791, KMT2A, KMT2C, FOXO6, FHIT, NPAS1, RLF, PHF21A, FOXO1, ATXN1, MED30, ZKSCAN8, ZKSCAN2, ZNF667, ZNF785, ZNF664, ZKSCAN1, ZNF783, MAP2K6, ZBTB18, ZBTB10, FOXN3, NFKB2, DRAP1, MLXIPL, BCL6, CNOT1, ZNF419, ZNF418, LHX1, ZNF658, SP8, ZNF655, ZNF654, ZNF532, ZNF652, ZNF891, ZNF770, CALCOCO1, BNC2, ONECUT1, AKAP8L, ZFP82, HHEX, SIN3A, PPP1R13L, ZNF404, HMG20A, ZNF644, ZNF521, ZNF883, RFC1, ATRX, ZNF75D, ZFP90, ZNF519, ZNF638, ZNF516, LCOR, ZNF514, LCORL, BDP1, BIRC2, NFAT5, GTF3C3, PRKAA2, PLAG1, HDAC1, MLLT3, HDAC9, ZBTB41, IFI16, ZNF507, TP53INP1, ZNF626, ASCC3, ZNF621, ZNF740, BEND5, IRX3, MGA, TBX6, KLF4, PTPN14, PNRC1, CTCFL, KLF8, ZNF738, POLR3D, TRIM37, CEBPZ, ZNF732, ZNF610, ZNF730, ZMYND8, FOXI3, JMJD1C, IKZF2, RCBTB1, UXT, SOX2, PNN, SOX3, ZNF608, ZNF605, TRIM24, CPNE1, ZNF844, SOX9, ZNF721, TRIM22, SOX5, SMARCC1, SMARCC2, ZFP2, FOXH1, THAP5, ZNF717, ZNF714, ZNF711, BCORL1, ZFPM1, L3MBTL1, TSHZ2, NLK, ZBTB4, MBTD1, ZNF704, MIER1, HLTF, HIVEP1, ZBED1, TP53BP1, ARGLU1, SCAI, PARP14, SMARCA1, TRERF1, MED13L, ID2, ID4, CREBRF, RBAK, RCOR2, TP73, TENM1, CSRNP3, CITED2, NKAP, RSF1, ZMYM2, ZMYM5, FOXD1, TSC22D1, NCOA3, TFE3, TFEB, COMMD3, COMMD6, CBFA2T2, CBFA2T3, SUPT3H, MN1, TOX3, VGLL3, SATB1, PURA, ZFP14, CUX1, NFIL3, SERTAD2, HSF2, GPBP1L1, APBB1, TBL1X, ZNF585A, CDX4, MYEF2, CAVIN1, PER3, TCEA2, CTNNB1, TCEA1, ZNF354C, ZFP28, ICE2, ARID4B, PRDM2, CARF, LOXL2, ZNF83, ARID2, SLC30A9, KDM2A, KCTD1, CDYL, POU3F4, EEF1A1, ZNF91, TIMELESS, HOMEZ, SUPT6H, CAMTA1, BPTF, SMAD2, CBX7, TFAP2C, SMAD4, CBX4, NONO, PHF11, SMAD9, POU2F2, ZFHX4, SMAD5, BHLHE40, TCF4, BRWD1, FGFR1, KDM5A, KDM5B, KDM5D, CHD9, CHD7, HMGB2, CHD6, PSIP1, CHD4, CHD3, CHD2, AFF4, DBP, ZIC2, SNAPC1, ZIC3, SNAPC3, RB1CC1, KLF11, KLF13, OLIG3, OLIG1, RBL2, DPPA4, ELF3, TERF2IP, KDM7A, KDM3A, KDM3B, CIART, CAND2, MTA1, FAM120B, MXI1, HES4, TCFL5, ATF7IP, SPEN, TCF7L2, KDM4B, KDM4C, ARID3A, REST, TEF, ERCC2, ERCC6, PAXBP1, TAF1",1583,2448,11229,1.266281291,4.88E-07,2.44E-07,2.33E-07,5.955456286,4
UP_SEQ_FEATURE,ZN_FING:C2H2-type 6,TF,113,4.035714286,1.04E-08,"ZNF331, ZNF451, ZNF296, ZNF292, PRDM2, IKZF2, SALL1, ZFP30, SALL3, ZSCAN30, ZNF83, SALL4, ZNF605, ZNF329, POGZ, ZNF449, ZNF844, ZNF721, ZNF445, ZFP37, ZNF322, ZNF563, ZNF441, ZNF160, ZFP2, ZNF12, ZNF14, ZNF91, ZNF717, ZNF714, ZNF678, ZNF677, ZNF555, ZNF675, ZNF433, ZNF431, ZNF793, ZNF397, ZNF154, ZNF791, ZNF391, ZBTB4, RLF, ZKSCAN8, ZKSCAN2, ZNF667, ZNF785, ZNF664, ZNF146, ZKSCAN1, ZNF264, ZNF141, ZNF382, ZNF260, ZNF34, ZFHX4, BCL6, ZNF419, ZNF418, ZNF658, ZNF655, RBAK, ZNF532, ZNF135, ZNF652, ZNF133, ZNF254, ZNF891, ZNF770, ZNF251, ZNF43, ZNF44, ZFP82, GLI4, ZNF404, ZNF644, ZNF521, ZNF883, ZNF880, ZFP90, ZEB1, ZNF519, ZNF516, ZNF514, ZNF117, ZNF470, PLAG1, ZNF66, ZBTB41, ZFP14, ZNF507, ZNF626, ZNF227, ZNF226, ZNF621, ZNF467, ZNF585A, ZNF100, ZNF77, CTCFL, ZNF33A, REST, ZNF738, ZNF217, ZNF337, ZNF732, ZNF577, ZNF610, ZNF334, ZNF730, ZNF354C, ZNF333, ZFP28",2621,519,20532,1.705592667,9.57E-05,9.83E-06,9.79E-06,5.955456286,4
UP_SEQ_FEATURE,ZN_FING:C2H2-type 3,TF,135,4.821428571,1.07E-08,"ZNF331, ZNF451, ZNF296, ZNF292, ZBTB26, ZBTB21, ZBTB20, PRDM2, IKZF2, SALL1, ZFP30, SALL3, ZSCAN30, ZNF83, SALL4, ZNF605, ZNF329, POGZ, ZNF449, ZNF844, ZNF445, ZNF322, ZNF563, ZNF160, ZBTB37, ZFP2, ZNF12, ZNF14, ZNF91, ZNF714, ZNF678, ZNF711, ADNP, ZNF677, ZNF555, ZFPM1, ZNF433, ZNF431, ZNF793, ZNF397, ZNF276, ZNF154, ZNF791, ZNF391, ZBTB4, RLF, ZKSCAN8, HIVEP1, ZKSCAN2, ZNF667, ZNF148, ZNF785, ZNF664, ZNF146, ZKSCAN1, ZNF783, ZBTB18, ZNF264, ZNF141, ZNF382, ZNF260, ZNF34, TRERF1, ZFHX4, BCL6, ZNF419, ZNF418, SP8, ZNF655, RBAK, ZNF654, ZNF532, ZNF135, ZNF652, ZNF133, ZNF254, ZNF891, ZNF770, ZNF251, BNC2, ZNF44, ZFP82, GLI4, ZIC2, ZIC3, ZNF280C, ZNF404, ZNF644, ZNF521, ZNF883, KLF11, ZNF880, KLF13, ZNF75D, ZFP90, ZEB1, ZNF519, AEBP2, ZNF516, ZNF514, ZNF117, ZNF470, PLAG1, ZNF518B, ZNF518A, ZNF66, ZBTB41, ZFP14, ZNF507, ZNF626, ZNF227, ZNF226, ZNF621, ZNF467, ZNF585A, ZNF100, ZNF581, ZNF580, ZNF77, ZIC5, KLF4, CTCFL, KLF8, ZNF33A, REST, ZNF738, ZNF217, ZNF337, ZNF577, ZNF610, ZNF334, ZNF730, ZNF354C, ZNF333, ZFP28",2621,653,20532,1.61951443,9.83E-05,9.83E-06,9.79E-06,5.955456286,4
UP_SEQ_FEATURE,ZN_FING:C2H2-type 4,TF,126,4.5,2.45E-08,"ZNF331, ZNF451, ZNF296, ZNF292, ZBTB26, ZBTB20, PRDM2, IKZF2, SALL1, ZFP30, SALL3, ZSCAN30, ZNF83, SALL4, ZNF605, ZNF329, POGZ, ZNF449, ZNF844, ZNF721, ZNF445, ZFP37, ZNF322, ZNF563, ZNF160, ZFP2, ZNF12, ZNF91, ZNF717, ZNF714, ZNF678, ZNF711, ADNP, ZNF677, ZNF555, ZFPM1, ZNF433, ZNF431, ZNF793, ZNF397, ZNF276, ZNF154, ZNF791, ZNF391, TSHZ2, ZBTB4, RLF, ZKSCAN8, HIVEP1, ZKSCAN2, ZNF667, ZNF148, ZNF785, ZNF664, ZNF146, ZKSCAN1, ZNF783, ZBTB18, ZNF264, ZNF141, ZNF382, ZNF260, ZNF34, BCL6, ZNF419, ZNF418, ZNF138, ZNF655, RBAK, ZNF654, ZNF532, ZNF135, ZNF652, ZNF133, ZNF254, ZNF891, ZNF770, ZNF251, BNC2, ZNF44, ZFP82, GLI4, ZIC2, ZIC3, ZNF280C, ZNF404, ZNF644, ZNF521, ZNF883, ZNF880, ZNF75D, ZFP90, ZNF519, ZNF516, ZNF514, ZNF117, ZNF470, PLAG1, ZNF518A, ZNF66, ZBTB41, ZFP14, ZNF507, ZNF626, ZNF227, ZNF226, ZNF621, ZNF467, ZNF585A, ZNF100, ZNF581, ZNF77, ZIC5, CTCFL, ZNF33A, REST, ZNF217, ZNF337, ZNF732, ZNF577, ZNF610, ZNF334, ZNF730, ZNF354C, ZNF333, ZFP28",2621,606,20532,1.628778979,2.24E-04,1.94E-05,1.93E-05,5.955456286,4
UP_SEQ_FEATURE,ZN_FING:C2H2-type 2,TF,130,4.642857143,2.53E-08,"ZNF331, ZNF451, ZNF296, ZBTB25, ZNF292, ZBTB26, ZBTB21, ZBTB20, PRDM2, IKZF2, SALL1, ZFP30, SALL3, ZSCAN30, ZNF83, SALL4, ZNF605, ZNF329, POGZ, ZNF449, ZNF721, ZNF445, ZFP37, ZNF322, ZNF681, ZNF160, ZBTB37, ZFP2, ZNF12, ZNF91, ZNF714, ZNF678, ZNF711, ZNF677, ZNF555, ZFPM1, ZNF433, ZNF431, ZNF793, ZNF397, ZNF276, ZNF791, ZNF391, TSHZ2, ZBTB4, RLF, ZKSCAN8, DNAJC21, HIVEP1, ZKSCAN2, ZNF667, ZNF148, ZNF785, ZNF664, ZNF146, ZKSCAN1, ZNF783, ZSCAN18, ZBTB18, ZNF264, ZNF141, ZNF382, ZNF260, ZBTB10, ZNF34, TRERF1, ZFHX4, BCL6, ZNF419, ZNF418, SP8, ZNF655, RBAK, ZNF654, ZNF135, ZNF133, ZNF891, ZNF770, ZNF251, BNC2, ZFP82, GLI4, ZNF280C, ZNF404, ZNF644, ZNF521, ZNF883, KLF11, ZNF880, KLF13, ZNF75D, ZFP90, ZEB1, ZNF519, ZNF516, ZNF514, ZNF470, PLAG1, ZNF518B, ZNF518A, ZNF66, ZBTB41, ZFP14, ZNF507, ZNF626, ZNF227, ZNF621, ZNF467, ZNF740, ZNF585A, ZNF100, ZNF581, ZNF580, ZNF77, ZIC5, KLF4, CTCFL, KLF8, ZNF33A, REST, ZNF738, ZNF217, ZNF337, ZNF577, ZNF610, ZNF334, ZNF730, ZNF354C, ZNF333, ZFP28",2621,631,20532,1.613905969,2.33E-04,1.94E-05,1.93E-05,5.955456286,4
UP_SEQ_FEATURE,ZN_FING:C2H2-type 5,TF,119,4.25,4.91E-08,"ZNF331, ZNF451, ZNF296, ZNF292, ZBTB21, ZBTB20, PRDM2, IKZF2, SALL1, SALL3, ZSCAN30, ZNF83, SALL4, ZNF605, ZNF329, POGZ, ZNF449, ZNF844, ZNF445, ZFP37, ZNF322, ZNF563, ZNF441, ZNF160, ZFP2, ZNF12, ZNF14, ZNF91, ZNF717, ZNF714, ZNF678, ZNF711, ZNF677, ZNF555, ZNF675, ZNF433, ZNF431, ZNF793, ZNF397, ZNF276, ZNF154, ZNF791, ZNF391, TSHZ2, ZBTB4, RLF, ZKSCAN8, ZKSCAN2, ZNF785, ZNF664, ZNF146, ZKSCAN1, ZNF264, ZNF141, ZNF382, ZNF260, ZNF34, ZFHX4, BCL6, ZNF419, ZNF418, ZNF658, ZNF655, RBAK, ZNF654, ZNF532, ZNF135, ZNF652, ZNF133, ZNF254, ZNF891, ZNF770, ZNF251, ZNF43, ZNF44, GLI4, ZIC2, ZIC3, ZNF280C, ZNF404, ZNF644, ZNF521, ZNF883, ZNF880, ZNF75D, ZFP90, ZEB1, ZNF519, ZNF516, ZNF514, ZNF117, ZNF470, PLAG1, ZNF518A, ZNF66, ZBTB41, ZFP14, ZNF507, ZNF626, ZNF227, ZNF226, ZNF621, ZNF467, ZNF585A, ZNF100, ZNF77, CTCFL, ZNF33A, REST, ZNF738, ZNF217, ZNF337, ZNF577, ZNF610, ZNF334, ZNF730, ZNF354C, ZNF333, ZFP28",2621,570,20532,1.635446495,4.50E-04,3.47E-05,3.45E-05,5.955456286,4
UP_SEQ_FEATURE,ZN_FING:C2H2-type 7,TF,104,3.714285714,1.04E-07,"ZNF331, ZNF292, ZBTB21, SALL1, ZFP30, SALL3, ZSCAN30, ZNF83, SALL4, ZNF605, ZNF329, POGZ, ZNF449, ZNF844, ZNF721, ZNF445, ZFP37, ZNF322, ZNF563, ZNF441, ZNF681, ZNF160, ZFP2, ZNF12, ZNF14, ZNF91, ZNF717, ZNF714, ZNF678, ZNF711, ADNP, ZNF677, ZNF555, ZNF675, ZNF433, ZNF431, ZNF397, ZNF154, ZNF791, ZNF391, RLF, ZKSCAN8, ZNF667, ZNF785, ZNF664, ZNF146, ZNF264, ZNF141, ZNF382, ZNF260, ZNF34, ZFHX4, ZNF419, ZNF418, ZNF658, RBAK, ZNF532, ZNF135, ZNF652, ZNF133, ZNF254, ZNF891, ZNF251, ZNF43, ZNF44, ZFP82, GLI4, ZNF404, ZNF644, ZNF521, ZNF883, ZNF880, ZFP90, ZNF519, ZNF516, ZNF514, ZNF117, ZNF470, PLAG1, ZNF66, ZBTB41, ZFP14, ZNF507, ZNF626, ZNF227, ZNF226, ZNF621, ZNF467, ZNF100, ZNF77, CTCFL, ZNF33A, REST, ZNF738, ZNF217, ZNF337, ZNF732, ZNF577, ZNF610, ZNF334, ZNF730, ZNF354C, ZNF333, ZFP28",2621,486,20532,1.676336899,9.57E-04,6.84E-05,6.81E-05,5.955456286,4
UP_KW_MOLECULAR_FUNCTION,KW-0238~DNA-binding,TF,369,13.17857143,3.36E-07,"ATF2, FOXI3, ZNF292, ENO1, IKZF2, SOX21, SOX2, ELK4, SOX3, PNN, ENDOV, ZSCAN30, CREB3L4, SOX15, PEG10, CREB3L1, ZNF605, GPBP1, MYB, TRIM24, BBX, ZNF844, SOX9, ZNF721, SOX5, MEF2A, WDHD1, ZNF160, FOXH1, ZFP2, RFX3, SOX11, ZNF12, ZNF14, THAP2, THAP6, THAP5, ZNF717, XRN1, ZNF714, RFX5, THAP9, ZNF711, NEIL1, ZFPM1, CLOCK, ATF6, ZNF276, ZNF397, ZNF154, ZNF395, PRKDC, ZNF391, TSHZ2, XPC, BAZ2A, BAZ2B, ZBTB4, RAD21, ZNF704, HLTF, HIVEP1, ZBED1, TP53BP1, ZNF148, ZNF146, ZSCAN18, ZNF264, PHC2, ZNF141, JUND, ZNF382, GTF2IRD2, ZNF260, POU6F2, PBX3, PBX2, NR1D2, ZNF34, TRERF1, PHC3, PBX1, NFATC4, MLLT10, REL, HBP1, ATM, ZNF138, ZNF135, ATR, TP73, ZNF133, ZNF254, KLLN, TOP2B, CSRNP3, ZNF251, PHF20, BHLHE41, ZNF43, ASH2L, ZNF44, JRKL, GLI4, ZNF280C, REV3L, TIGD1, RMI2, FOXD1, TIGD7, STRBP, TCF12, TFE3, ZFR, TET2, TFEB, TET1, TERF1, MLF1, DDB2, RAD51B, TOX3, ZEB1, NCOR1, AEBP2, MTF2, POT1, ZNF117, PPARA, TMF1, ZNF470, SATB1, ZNF518B, ZNF518A, ZNF66, CENPC, RAD54B, PURA, WRN, ZFP14, BTAF1, NFIL3, CUX1, HSF2, NSD2, ZNF227, GPBP1L1, ZNF226, ZNF467, PURG, RUNX1T1, ZNF100, CDX4, MYEF2, ZNF581, ZNF580, MGMT, ERCC6L2, STAT2, HUWE1, ZNF77, HIPK1, LRPPRC, HIPK2, ZNF33A, NFIA, NFIB, TCEA2, ZNF217, TCEA1, ZNF337, ZNF577, ZNF334, ZNF354C, NUCB2, ZNF333, ZFP28, ZNF331, ZBTB25, ZBTB26, ZBTB21, ZBTB20, ARID4B, PRDM2, RORA, CARF, RDM1, HMGN4, SMCHD1, SALL1, ZFP30, SALL3, ZNF83, SALL4, POGZ, ZNF329, ZNF449, MEIOB, HMGN2, ARID2, ZNF445, ZFP37, ZNF322, ZNF563, GTF2I, ZNF441, ZNF681, KDM2A, SWAP70, APLP2, ZBTB37, PIAS2, POU3F4, PIAS1, MSH6, MYCL, ZNF91, MAF, DMTF1, MSH3, ZNF678, ADNP, ZNF677, TOX, ZNF555, ZNF433, ZNF675, ZNF431, HOMEZ, ZNF793, ZNF791, KMT2A, KMT2C, FOXO6, NPAS1, RLF, PHF21A, FOXO1, ATXN1, ZMAT1, ZMAT4, ZKSCAN8, ZKSCAN2, OTX2, ZNF667, ZNF785, ZNF664, ZKSCAN1, ZNF783, ZBTB18, SMAD2, TFAP2C, SMAD4, FANCM, NONO, ZBTB10, SMAD9, FOXN3, POU2F2, ZFHX4, SMAD5, NFKB2, DRAP1, MLXIPL, BCL6, ZNF419, ZNF418, LHX1, BHLHE40, RFXAP, MYF6, ZNF658, SP8, TCF4, ZNF655, ZNF654, ZNF532, ZNF652, DDX3Y, ZNF891, ZNF770, CHD9, ONECUT1, HP1BP3, CHD7, HMGB2, CHD6, PSIP1, CHD4, YBX2, CHD3, ZFP82, CHD2, HHEX, DBP, ZIC2, SNAPC1, ZIC3, SNAPC3, ZNF404, POLI, HMG20A, POLL, ZNF644, POLK, ZNF521, ZNF883, KLF11, KLF13, RFC1, OLIG3, ATRX, OLIG1, ZNF75D, ZFP90, RBL2, ZNF519, ELF3, ZNF638, ZNF516, ZNF514, LCOR, ANG, LCORL, NFAT5, GTF3C3, UHRF2, PLAG1, MLLT3, CXXC4, ZBTB41, MTA1, IFI16, ZNF507, ZNF626, MXI1, ZNF621, MTA3, BEND5, HES4, TCFL5, IRX1, SPEN, TCF7L2, IRX2, STN1, TAF15, MGA, IRX3, ARID3A, TBX6, ZIC5, MEIS3, KLF4, USF3, CTCFL, KLF8, TEF, ZNF738, ERCC1, IMPDH2, ERCC2, ERCC6, ZNF732, SSBP2, ZNF610, PAXBP1, ZNF730, TAF1",1650,2091,11719,1.253368984,3.29E-05,1.64E-05,1.44E-05,5.955456286,4
UP_SEQ_FEATURE,ZN_FING:C2H2-type 9,TF,89,3.178571429,5.46E-07,"ZNF133, ZNF254, ZNF331, ZNF451, ZNF770, ZNF251, ZNF292, ZNF43, ZNF44, ZFP82, SALL1, ZFP30, SALL3, ZNF83, ZNF605, ZNF329, POGZ, ZNF844, ZNF404, ZNF721, ZNF445, ZFP37, ZNF322, ZNF883, ZNF563, ZNF441, ZNF880, ZNF681, ZNF160, ZFP2, ZNF12, ZNF14, ZFP90, ZNF91, ZNF717, ZNF519, ZNF714, ZNF711, ZNF117, ZNF678, ZNF677, ZNF555, ZNF675, ZNF433, ZNF431, ZNF397, ZNF154, ZNF791, ZNF470, ZNF391, ZNF66, RLF, ZBTB41, ZFP14, ZNF507, ZKSCAN8, ZNF626, ZNF667, ZNF227, ZNF226, ZNF467, ZNF664, ZNF146, ZNF585A, ZNF100, ZNF264, ZNF141, ZNF382, ZNF260, ZNF77, ZNF34, ZFHX4, CTCFL, ZNF33A, REST, ZNF419, ZNF418, ZNF658, ZNF337, ZNF732, ZNF610, RBAK, ZNF334, ZNF532, ZNF730, ZNF135, ZNF333, ZNF354C, ZFP28",2621,411,20532,1.696338111,0.005001945,3.13E-04,3.12E-04,5.955456286,4
UP_SEQ_FEATURE,ZN_FING:C2H2-type 8,TF,94,3.357142857,1.84E-06,"ZNF133, ZNF254, ZNF331, ZNF451, ZNF770, ZNF891, ZNF251, ZBTB21, ZNF43, ZNF44, ZFP82, SALL1, ZFP30, SALL3, ZNF83, ZNF605, SALL4, ZNF329, POGZ, ZNF844, ZNF404, ZNF721, ZNF445, ZNF521, ZFP37, ZNF322, ZNF883, ZNF563, ZNF441, ZNF880, ZNF681, ZNF160, ZFP2, ZNF12, ZNF14, ZFP90, ZNF91, ZNF717, ZNF519, ZNF516, ZNF714, ZNF711, ZNF117, ZNF678, ZNF677, ZNF555, ZNF675, ZNF433, ZNF431, ZNF397, ZNF154, ZNF791, ZNF470, ZNF391, ZNF66, RLF, ZBTB41, ZFP14, ZNF507, ZKSCAN8, ZNF626, ZNF667, ZNF227, ZNF226, ZNF467, ZNF664, ZNF146, ZNF585A, ZNF100, ZNF264, ZNF141, ZNF382, ZNF260, ZNF77, ZNF34, ZFHX4, CTCFL, ZNF33A, REST, ZNF419, ZNF418, ZNF658, ZNF337, ZNF732, ZNF610, ZNF577, RBAK, ZNF334, ZNF532, ZNF135, ZNF652, ZNF333, ZNF354C, ZFP28",2621,453,20532,1.625525872,0.016709379,8.90E-04,8.86E-04,5.955456286,4
UP_SEQ_FEATURE,ZN_FING:C2H2-type 11,TF,71,2.535714286,2.22E-06,"ZNF133, ZNF254, ZNF331, ZNF451, ZNF770, ZNF251, ZNF292, ZNF43, ZNF44, ZFP82, ZFP30, ZNF83, ZNF605, ZNF329, ZNF404, ZNF721, ZNF445, ZNF521, ZFP37, ZNF883, ZNF563, ZNF441, ZNF880, ZNF681, ZNF160, ZFP2, ZNF12, ZNF14, ZFP90, ZNF91, ZNF717, ZNF714, ZNF711, ZNF678, ZNF555, ZNF675, ZNF433, ZNF431, ZNF154, ZNF791, ZNF470, ZNF66, RLF, ZBTB41, ZFP14, ZNF626, ZNF667, ZNF227, ZNF226, ZNF467, ZNF585A, ZNF100, ZNF264, ZNF141, ZNF260, ZNF77, ZNF34, ZFHX4, ZNF33A, ZNF419, ZNF418, ZNF658, ZNF337, ZNF732, RBAK, ZNF334, ZNF532, ZNF730, ZNF135, ZNF354C, ZFP28",2621,316,20532,1.760092534,0.020185239,9.79E-04,9.75E-04,5.955456286,4
UP_SEQ_FEATURE,ZN_FING:C2H2-type 12,TF,65,2.321428571,2.24E-06,"ZNF133, ZNF254, ZNF331, ZNF292, ZNF43, ZNF44, ZFP82, ZFP30, ZNF83, ZNF605, ZNF329, ZNF404, ZNF721, ZNF445, ZNF521, ZFP37, ZNF883, ZNF563, ZNF441, ZNF880, ZNF681, ZNF160, ZFP2, ZNF12, ZNF14, ZFP90, ZNF91, ZNF717, ZNF714, ZNF711, ZNF117, ZNF678, ZNF555, ZNF675, ZNF433, ZNF431, ZNF154, ZNF791, ZNF470, ZNF66, RLF, ZBTB41, ZFP14, ZNF667, ZNF227, ZNF226, ZNF467, ZNF585A, ZNF100, ZNF264, ZNF260, ZNF77, ZNF34, ZFHX4, ZNF33A, ZNF418, ZNF658, ZNF337, ZNF732, RBAK, ZNF334, ZNF532, ZNF730, ZNF135, ZFP28",2621,281,20532,1.812054566,0.020349328,9.79E-04,9.75E-04,5.955456286,4
UP_SEQ_FEATURE,ZN_FING:C2H2-type 10,TF,79,2.821428571,3.94E-06,"ZNF133, ZNF254, ZNF331, ZNF451, ZNF770, ZNF251, ZNF292, ZNF43, ZNF44, ZFP82, SALL1, ZFP30, SALL3, ZNF83, ZNF605, ZNF329, ZNF404, ZNF721, ZNF445, ZNF521, ZFP37, ZNF883, ZNF563, ZNF441, ZNF880, ZNF681, ZNF160, ZFP2, ZNF12, ZNF14, ZFP90, ZNF91, ZNF717, ZNF519, ZNF516, ZNF714, ZNF711, ZNF117, ZNF678, ZNF677, ZNF555, ZNF675, ZNF433, ZNF431, ZNF154, ZNF791, ZNF470, ZNF66, RLF, ZBTB41, ZFP14, ZNF626, ZNF667, ZNF227, ZNF226, ZNF467, ZNF146, ZNF585A, ZNF100, ZNF264, ZNF141, ZNF382, ZNF260, ZNF77, ZNF34, ZFHX4, CTCFL, ZNF33A, ZNF419, ZNF418, ZNF658, ZNF337, ZNF732, ZNF334, ZNF730, ZNF135, ZNF333, ZNF354C, ZFP28",2621,369,20532,1.677123173,0.035536988,0.001644715,0.0016388,5.955456286,4
UP_SEQ_FEATURE,ZN_FING:C2H2-type 1,TF,108,3.857142857,1.00E-05,"ZNF331, ZNF451, ZNF296, ZBTB25, ZNF292, ZBTB26, ZBTB21, ZBTB20, PRDM2, IKZF2, ZFP30, ZSCAN30, ZNF605, ZNF329, ZNF449, ZNF445, ZFP37, ZNF441, ZNF160, ZBTB37, ZFP2, ZNF12, ZNF14, ZNF678, ZNF711, ADNP, ZNF677, ZFPM1, ZNF433, ZNF793, ZNF397, ZNF276, ZNF791, ZNF391, TSHZ2, RLF, ZKSCAN8, DNAJC21, HIVEP1, ZKSCAN2, ZNF667, ZNF148, ZNF785, ZNF664, ZNF146, ZKSCAN1, ZNF783, ZSCAN18, ZBTB18, ZNF264, ZNF260, ZBTB10, ZNF34, TRERF1, ZFHX4, BCL6, ZNF419, ZNF418, SP8, ZNF138, ZNF655, RBAK, ZNF654, ZNF135, ZNF652, ZNF133, ZNF770, ZNF251, BNC2, ZNF43, ZFP82, GLI4, ZNF280C, ZNF644, ZNF883, KLF11, KLF13, ZNF75D, ZFP90, ZEB1, AEBP2, ZNF516, ZNF514, ZNF470, PLAG1, ZNF518B, ZNF518A, ZBTB41, ZFP14, ZNF507, ZNF227, ZNF621, ZNF467, ZNF740, ZNF585A, ZNF581, ZNF580, ZNF77, KLF4, CTCFL, KLF8, ZNF33A, REST, ZNF217, ZNF334, ZNF354C, ZNF333, ZFP28",2621,560,20532,1.510775604,0.087951434,0.003835899,0.003822104,5.955456286,4
GOTERM_MF_DIRECT,GO:0000978~RNA polymerase II core promoter proximal region sequence-specific DNA binding,TF,209,7.464285714,2.07E-05,"APP, ATF2, ZNF296, FOXI3, IKZF2, SOX21, SOX2, ELK4, SOX3, ZSCAN30, CREB3L4, SOX15, ZNF605, MYB, SOX9, ZNF721, SOX5, MEF2A, ZNF160, ZFP2, RFX3, SOX11, ZNF12, ZNF717, ZNF714, RFX5, ZNF711, CLOCK, ATF6, ZNF397, ZNF154, ZNF395, ZBTB4, ZNF704, HIVEP1, ZBED1, ZNF148, ZNF146, ZSCAN18, ZNF264, ZNF141, JUND, ZNF382, ZNF260, POU6F2, PBX3, PBX2, NR1D2, ZNF34, PBX1, NFATC4, REL, HBP1, ZNF138, ZNF135, TP73, ZNF254, ZNF251, BHLHE41, ZNF43, HIF3A, GLI4, ZNF280C, FOXD1, TCF12, TFE3, TFEB, SIRT1, ZEB1, ZNF117, PPARA, ZNF470, SATB1, ZNF66, ZFP14, NFIL3, HSF2, ZNF227, ZNF226, ZNF467, ZNF585A, ZNF100, CDX4, ZNF581, ZNF580, STAT2, ZNF33A, NFIA, NFIB, ZNF217, ZNF577, ZNF334, ZNF354C, ZNF333, ZFP28, ZNF331, ZBTB25, ZBTB26, ZBTB20, RORA, CARF, SALL1, ZFP30, SALL3, ZNF83, SALL4, ZNF449, ZNF445, ZNF322, ZNF681, USP3, ZBTB37, POU3F4, MYCL, ZNF91, MAF, DMTF1, ZNF678, ZNF677, ZNF675, ZNF431, ZNF793, FOXO6, FOXO1, ZKSCAN8, ZKSCAN2, OTX2, ZNF667, SMYD3, ZNF664, ZKSCAN1, BPTF, ZNF783, ZBTB18, SMAD2, TFAP2C, SMAD4, SMAD9, POU2F2, ZFHX4, SMAD5, NFKB2, MLXIPL, BCL6, ZNF419, ZNF418, BHLHE40, MYF6, ZNF658, SP8, TCF4, ZNF655, ZNF652, ZNF770, CALCOCO1, ONECUT1, CHD7, ZFP82, CHD2, HHEX, DBP, ZIC2, ZIC3, SNAPC3, ZNF644, UTY, ZNF521, ZNF883, KDM6B, KLF11, ZNF880, KLF13, OLIG3, OLIG1, ZNF75D, ZNF519, ELF3, ZNF516, ZNF514, NFAT5, PLAG1, HDAC1, ZBTB41, CIART, MUC1, MTA1, IFI16, ZNF626, MXI1, ZNF621, ZNF740, HES4, TCFL5, IRX1, TCF7L2, IRX2, MGA, IRX3, TBX6, ZIC5, MEIS3, KLF4, CTCFL, KLF8, REST, TEF, ZNF732, ZNF610, ZNF730",2497,1207,18908,1.311191325,0.035911176,0.002438098,0.002403681,5.955456286,4
SMART,SM00355:ZnF_C2H2,TF,155,5.535714286,2.40E-05,"ZNF331, ZNF451, ZNF296, ZBTB25, ZNF292, ZBTB26, ZBTB21, ZBTB20, PRDM2, IKZF2, SALL1, ZFP30, SALL3, ZSCAN30, ZNF83, SALL4, ZNF605, ZNF329, POGZ, ZNF449, ZNF844, ZNF721, ZNF445, ZFP37, ZNF322, ZNF563, ZNF441, ZNF681, ZNF160, ZBTB37, ZFP2, ZNF12, ZNF14, ZNF91, ZNF717, ZNF714, ZNF678, ZNF711, ADNP, ZNF677, ZNF555, ZFPM1, ZNF675, ZNF433, ZNF431, ZNF793, ZNF397, ZNF276, ZNF154, ZNF791, ZNF391, TSHZ2, ZBTB4, RLF, ZMAT1, ZMAT4, ZKSCAN8, DNAJC21, HIVEP1, ZKSCAN2, ZNF667, ZNF148, ZNF785, ZNF664, ZNF146, ZKSCAN1, TRMT1L, ZSCAN18, ZBTB18, ZNF264, ZNF141, ZNF382, ZNF260, ZBTB10, ZNF34, TRERF1, ZFHX4, BCL6, ZNF419, ZNF418, ZNF658, SP8, ZNF138, ZNF655, DZIP1, RBAK, ZNF654, ZNF532, ZNF135, ZNF652, ZNF133, ZNF254, ZNF891, ZNF770, ZNF251, BNC2, ZNF43, ZNF44, ZFP82, GLI4, ZIC2, ZIC3, ZNF280C, ZNF404, ZNF644, ZNF521, ZNF883, KLF11, ZNF880, KLF13, ZFR, ZNF75D, ZFP90, ZEB1, ZNF519, AEBP2, ZNF638, ZNF516, ZNF514, ZNF117, ZNF470, PLAG1, ZNF518B, ZNF518A, ZNF66, ZBTB41, ZFP14, ZNF507, ZNF626, ZNF227, ZNF226, ZNF621, ZNF467, ZNF740, ZNF585A, ZNF100, ZNF581, ZNF580, ZNF77, ZIC5, KLF4, CTCFL, KLF8, ZNF33A, REST, ZNF217, ZNF337, ZNF732, ZNF577, ZNF610, ZNF334, ZNF730, ZNF354C, ZNF333, ZFP28",1535,768,10379,1.36463847,0.01302552,0.00655547,0.006459594,5.955456286,4
UP_SEQ_FEATURE,ZN_FING:C2H2-type 13,TF,51,1.821428571,4.80E-05,"ZNF133, ZNF254, ZNF251, ZNF292, ZNF43, ZNF44, ZFP82, ZFP30, ZNF83, ZNF605, ZNF404, ZNF445, ZNF883, ZNF441, ZNF880, ZNF681, ZNF160, ZFP2, ZNF12, ZNF14, ZFP90, ZNF91, ZNF717, ZNF714, ZNF117, ZNF678, ZNF555, ZNF675, ZNF431, ZNF791, ZNF470, ZNF66, RLF, ZBTB41, ZFP14, ZNF667, ZNF227, ZNF226, ZNF585A, ZNF264, ZNF260, ZFHX4, ZNF33A, ZNF418, ZNF658, ZNF337, ZNF732, RBAK, ZNF334, ZNF135, ZFP28",2621,224,20532,1.783554532,0.356178416,0.01420397,0.014152888,5.955456286,4
UP_SEQ_FEATURE,ZN_FING:C2H2-type 14,TF,41,1.464285714,1.18E-04,"ZNF133, ZNF254, ZNF791, ZNF470, ZNF292, ZNF43, ZNF66, ZNF44, RLF, ZBTB41, ZNF83, ZNF605, ZNF404, ZNF227, ZNF667, ZNF721, ZNF226, ZNF445, ZNF521, ZNF585A, ZNF441, ZNF880, ZNF681, ZNF160, ZNF12, ZNF14, ZFHX4, ZNF33A, ZNF717, ZNF418, ZNF658, ZNF337, ZNF678, ZNF732, ZNF555, RBAK, ZNF675, ZNF334, ZNF433, ZNF135, ZFP28",2621,173,20532,1.856530072,0.661485866,0.032821985,0.032703946,5.955456286,4
GOTERM_MF_DIRECT,"GO:0000981~RNA polymerase II transcription factor activity, sequence-specific DNA binding",TF,212,7.571428571,2.64E-04,"ATF2, FOXI3, ZNF292, SOX21, SOX2, ELK4, SOX3, ZSCAN30, CREB3L4, SOX15, CREB3L1, ZNF605, MYB, BBX, ZNF844, SOX9, SOX5, MEF2A, TSTD1, ZNF160, FOXH1, ZFP2, RFX3, SOX11, ZNF12, ZNF14, ZNF714, RFX5, ZNF711, CLOCK, ATF6, ZNF397, ZNF154, ZNF391, TSHZ2, ZBTB4, HIVEP1, ZBED1, ZNF146, ZSCAN18, ZNF264, ZNF141, JUND, GTF2IRD2, ZNF260, POU6F2, PBX3, PBX2, NR1D2, ZNF34, PBX1, NFATC4, CREBRF, REL, HBP1, ZNF138, RBAK, ZNF135, TP73, ZNF133, ZNF254, CSRNP3, ZNF251, BHLHE41, ZNF44, HIF3A, GLI4, ZNF280C, FOXD1, TCF12, TFE3, TFEB, ZEB1, ZNF117, PPARA, ZNF470, SATB1, ZNF518B, ZNF518A, ZNF66, PURA, ZFP14, NFIL3, CUX1, HSF2, ZNF467, PURG, ZNF100, CDX4, ZNF580, STAT2, ZNF77, NFIA, NFIB, ZNF217, ZNF337, ZNF577, ZNF334, ZNF354C, ZNF333, ZFP28, ZNF331, ZBTB21, PRDM2, RORA, CARF, SALL1, ZFP30, SALL3, ZNF83, SALL4, ZNF329, ZNF449, ZFP37, ZNF322, ZNF563, GTF2I, ZNF441, TLE4, ZNF681, ZBTB37, POU3F4, MYCL, MAF, DMTF1, ZNF678, ADNP, ZNF677, ZNF555, ZNF433, ZNF675, ZNF431, HOMEZ, ZNF793, ZNF791, FOXO6, NPAS1, RLF, FOXO1, ZKSCAN8, ZKSCAN2, OTX2, ZNF785, ZNF664, ZKSCAN1, ZBTB18, SMAD2, TFAP2C, SMAD4, SMAD9, FOXN3, POU2F2, ZFHX4, SMAD5, NFKB2, MLXIPL, ZNF419, ZNF418, LHX1, BHLHE40, MYF6, SP8, TCF4, ZNF655, ZNF654, ZNF652, ZNF891, ONECUT1, ZFP82, HHEX, DBP, ZIC2, ZIC3, ZNF404, ZNF644, ZNF883, KLF11, ZNF880, KLF13, OLIG3, OLIG1, ZNF75D, ZFP90, ZNF519, ELF3, ZNF516, ZNF514, NFAT5, PLAG1, ZBTB41, ZNF626, MXI1, ZNF621, ZNF740, HES4, TCFL5, IRX1, TCF7L2, IRX2, MGA, IRX3, TBX6, ZIC5, MEIS3, KLF4, CTCFL, KLF8, REST, TEF, ZNF732, ZNF610, ZNF730",2497,1280,18908,1.254159992,0.373105871,0.019454835,0.019180205,5.955456286,4
UP_SEQ_FEATURE,DOMAIN:KRAB,TF,78,2.785714286,9.91E-04,"ZNF133, ZNF254, ZNF331, ZNF891, ZNF251, ZNF43, ZNF44, ZFP82, ZFP30, ZNF83, ZNF605, ZNF844, ZNF404, ZNF721, ZNF445, ZFP37, ZNF563, ZNF441, ZNF880, ZNF681, ZNF160, ZNF12, ZNF75D, ZNF14, ZFP90, ZNF91, ZNF717, ZNF788P, ZNF519, ZNF714, ZNF514, ZNF678, ZNF677, ZNF555, ZNF675, ZNF433, ZNF431, ZNF793, ZNF154, ZNF791, ZNF470, ZNF66, ZFP14, ZKSCAN8, ZNF626, ZKSCAN2, ZNF667, ZNF227, ZNF226, ZNF621, ZNF785, ZKSCAN1, ZNF585A, ZNF783, ZNF100, ZNF264, ZNF141, ZNF382, ZNF77, ZNF34, ZNF33A, ZNF419, ZNF738, ZNF418, ZNF658, ZNF337, ZNF138, ZNF732, ZNF655, ZNF610, ZNF577, RBAK, ZNF334, ZNF730, ZNF135, ZNF333, ZNF354C, ZFP28",2621,427,20532,1.430971428,0.999888158,0.211486476,0.210725899,5.955456286,4
UP_KW_LIGAND,KW-0862~Zinc,TF,446,15.92857143,0.001978022,"ATF2, ZNF296, ZFYVE9, ZNF292, GPATCH8, ZDBF2, ZC3H12C, ZSCAN30, ZMIZ1, PRKCG, PRKCH, PRKCB, ZNF160, ZNF12, ZNF14, RC3H2, CLPX, ZFYVE16, OPTN, ZNF397, ZNF276, ZNF154, ZNF395, MTMR3, ZNF391, BAZ2A, BAZ2B, RNF213, ADAMTS13, ADAMTS19, RNF217, AMZ2, LTA4H, ZNF148, ZNF146, ZSCAN18, ZNF264, PHC2, ZNF141, ZNF382, NEBL, TIPARP, ZNF260, BRAF, NR1D2, LNPEP, ZNF34, PHC3, MLLT10, RNF227, NAPEPLD, ZNF138, DZIP1, PAM, DZIP3, ZNF135, ZNF254, ZNF133, PHF3, CDKN1A, SETD2, ZNF251, PHF20, TUT4, ZNF43, ZNF44, ASH2L, PHF7, EEA1, TRIM8, ING4, GLI4, CSRP2, TRIM2, ZNF280C, RNF150, SHPRH, KCND2, TET2, TET1, SLC39A10, ASH1L, SIRT1, CIT, MMP11, RNF169, ZEB1, MMP16, AEBP2, MTF2, ZNF117, PPARA, C11ORF54, ZNF470, ZNF518B, ZNF518A, ZNF66, NSD3, FGD4, WRN, ERMP1, FGD6, NSD2, ZSWIM8, ZSWIM6, ZNF227, ZNF226, ZNF467, RNF130, RUNX1T1, EGLN1, ZNF100, ANKIB1, ZNF581, ZNF580, MGMT, ZNF77, GATAD2B, AGBL5, ZNF33A, RNF146, RNF149, YPEL1, MSRB2, ZNF217, ZNF337, YPEL5, ZNF577, ZNF334, ZNF333, YPEL3, YPEL2, ZNF331, ZNF451, ZBTB25, DGKA, ZBTB26, ZBTB21, ZBTB20, RORA, NPEPPS, SALL1, ZFP30, SALL3, RNF19A, SALL4, ZNF329, ZNF449, PMPCB, KMT5B, ZNF445, ZFP37, ZNF322, ZNF563, NUDT12, ZNF441, MYLIP, ZNF681, AGTPBP1, KMT5C, USP3, ZBTB37, ZCRB1, PIAS2, PIAS1, CLIP1, ACAP2, KAT6B, KAT6A, ADAM9, ZNF678, ADNP, ZNF677, UTRN, ZNF555, ZNF433, ZNF675, AJUBA, ZNF431, CUL9, KMT2E, ZNF793, ZNF791, KMT2A, TNKS, KMT2C, UBR2, RLF, PHF21A, PHF21B, UBR5, ZNF428, ZKSCAN8, ZBBX, ZKSCAN2, RNF170, SMYD4, ZNF667, SMYD3, ZNF785, ZNF664, ZKSCAN1, ZNF783, ZBTB18, NRDC, ZBTB10, MOB1B, BCL6, ZNF419, ZNF418, CPD, LHX1, MDM2, ZNF658, RNF181, MDM4, SP8, ZNF655, ZNF654, ZNF532, ZNF652, PLEKHM3, ZNF891, ZNF770, CALCOCO1, TRIM73, BNC2, CALCOCO2, AKAP8L, ZC3H6, ZFP82, ZNF404, ZNF644, UTY, ZNF521, ZNF883, ZNF880, LANCL1, ATRX, ZNF75D, KSR2, ARFGAP3, ZFP90, ZNF519, ZNF638, TRAF5, ZNF516, ZNF514, TRIM54, BIRC2, TRIM56, UHRF2, ROCK1, PLAG1, RNF38, CXXC4, HDAC9, ZBTB41, ZNF507, ZNF626, ZNF621, TRIM44, ZNF740, TRIM45, CDC42BPB, KLF4, CDC42BPA, CTCFL, KLF8, RAD50, ZNF738, SNRNP48, TRIM37, TRIM38, ZNF732, ZNF610, ZNF730, APP, ZMYND8, JMJD1C, CBLB, IKZF2, ZNF608, ZNF605, PEG10, TRIM24, ZNF844, ZNF721, TNS3, SCAPER, TRIM22, ESCO1, LIMCH1, SCAF11, ZFP2, NSMCE1, THAP2, THAP6, ZNF839, THAP5, ZNF717, ZNF714, THAP9, ZNF711, ZFPM1, NAIP, L3MBTL1, MYCBP2, TSHZ2, BRCC3, ZBTB4, MBTD1, ZNF704, HLTF, VPS8, HIVEP1, ZBED1, TRPM7, TRMT1L, ZRANB3, ZRANB1, TRERF1, COL9A1, RBAK, TP73, OTUD7B, RSF1, ZMYM2, PCLO, ZMYM4, ZMYM5, ZMYM6, REV3L, ARIH1, COMMD3, CBFA2T2, CBFA2T3, MMP23B, TAX1BP1, MPND, XIAP, PRICKLE1, ZFP14, LNPK, ZNF585A, LMLN, MAP3K1, MIB2, MYO9A, MIB1, TTC3, NBR1, TCEA2, TCEA1, ZNF354C, ZFP28, MPI, ZFAND5, UBE3A, PRDM2, ZFAND1, ZNF83, POGZ, ENPP4, ARID2, ENPP5, CA14, SLC30A9, KDM2A, ZGRF1, ADAM10, ZNF91, WDFY3, DTX3, RASGRP1, LPP, RAI1, ZMAT1, MAN2A2, MAN2A1, ZMAT4, DNAJC21, USP51, PDZD8, ANKZF1, BPTF, SMAD2, SMAD4, PHF11, SMAD9, HELZ, ZFHX4, SMAD5, LIN28B, BMP1, UBA2, PHF13, KDM5A, KDM5B, KDM5D, RBM26, CHD4, MTR, CHD3, ADAL, RBM4, ZIC2, CA3, ZIC3, GATAD1, PDE4A, POLK, RBM5, KDM6B, KLF11, USP49, KLF13, PJA2, AGAP9, RASA4, PDE5A, HAGH, FAN1, KDM7A, USP13, KDM3A, GALT, KDM3B, SPG7, SAMHD1, RNF5, PDLIM3, PDLIM2, MTA1, MTA3, KDM4B, KDM4C, ZNF185, TAF15, ZFC3H1, ZIC5, SOD3, CCS, REST, TEC, LNX1",1095,2512,6833,1.107930518,0.088860344,0.030989009,0.029670328,5.955456286,4
UP_SEQ_FEATURE,ZN_FING:C2H2-type 1; degenerate,TF,31,1.107142857,0.00249387,"ZNF254, ZNF154, ZNF891, ZNF83, ZNF626, ZNF844, ZNF404, ZNF721, ZNF226, ZNF521, ZNF563, ZNF100, ZNF880, ZNF681, ZNF382, ZNF91, ZNF717, ZNF519, ZNF738, ZNF714, ZNF658, ZNF117, ZNF337, ZNF732, ZNF610, ZNF555, ZNF577, ZNF675, ZNF532, ZNF730, ZNF431",2621,139,20532,1.747073307,1,0.455740642,0.454101645,5.955456286,4
INTERPRO,IPR001909:Krueppel-associated box,TF,78,2.785714286,0.003885239,"ZNF133, ZNF254, ZNF331, ZNF891, ZNF251, ZNF43, ZNF44, ZFP82, ZFP30, ZNF83, ZNF605, ZNF844, ZNF404, ZNF721, ZNF445, ZFP37, ZNF563, ZNF441, ZNF880, ZNF681, ZNF160, ZNF12, ZNF75D, ZNF14, ZFP90, ZNF91, ZNF717, ZNF788P, ZNF519, ZNF714, ZNF514, ZNF678, ZNF677, ZNF555, ZNF675, ZNF433, ZNF431, ZNF793, ZNF154, ZNF791, ZNF470, ZNF66, ZFP14, ZKSCAN8, ZNF626, ZKSCAN2, ZNF667, ZNF227, ZNF226, ZNF621, ZNF785, ZKSCAN1, ZNF585A, ZNF783, ZNF100, ZNF264, ZNF141, ZNF382, ZNF77, ZNF34, ZNF33A, ZNF419, ZNF738, ZNF418, ZNF658, ZNF337, ZNF138, ZNF732, ZNF655, ZNF610, ZNF577, RBAK, ZNF334, ZNF730, ZNF135, ZNF333, ZNF354C, ZFP28",2508,438,19176,1.361604509,0.999986052,0.348700227,0.34651478,5.955456286,4
KEGG_PATHWAY,hsa05168:Herpes simplex virus 1 infection,TF,89,3.178571429,0.003885887,"ZNF133, ZNF254, ZNF331, ZNF891, ZNF251, ZNF43, PIK3CD, ZNF44, ZFP82, IKBKB, PPP1CB, PPP1CC, ZFP30, ZNF83, ZNF605, AKT3, ZNF404, ZNF721, HLA-DOA, ZFP37, ZNF563, ZNF441, ZNF880, ZNF681, APAF1, ZNF160, TSC1, TYK2, ZNF12, HLA-A, ZNF14, ZFP90, HLA-E, ZNF91, ZNF717, ZNF519, TRAF5, ZNF714, ZNF514, ZNF677, ZNF555, ZNF675, ZNF433, BIRC2, HLA-DQB1, ZNF431, ZNF793, ZNF154, ZNF791, ZNF470, ZNF66, PIK3R1, ZFP14, ZNF626, ZNF667, ZNF227, ZNF226, ZNF621, ZNF785, ZNF585A, ZNF783, ZNF100, ZNF264, ZNF141, ZNF382, EIF2AK1, STAT2, EIF2AK2, ZNF77, ZNF34, EIF2AK4, POU2F2, ZNF33A, BST2, ZNF419, ZNF738, ZNF418, ZNF658, ZNF337, ZNF732, ZNF610, ZNF577, RBAK, ZNF334, ZNF730, ZNF135, ZNF333, ZNF354C, ZFP28",1078,512,8205,1.323061007,0.735935587,0.042870109,0.035349037,5.955456286,4
UP_SEQ_FEATURE,ZN_FING:C2H2-type 15,TF,32,1.142857143,0.004736508,"ZNF254, ZNF791, ZNF470, ZNF292, ZNF43, ZNF66, ZNF44, ZNF83, ZNF605, ZNF404, ZNF227, ZNF667, ZNF721, ZNF226, ZNF521, ZNF585A, ZNF441, ZNF681, ZNF160, ZNF12, ZNF14, ZNF33A, ZNF91, ZNF717, ZNF418, ZNF658, ZNF337, ZNF555, RBAK, ZNF675, ZNF433, ZNF135",2621,151,20532,1.660111529,1,0.666726891,0.664329115,5.955456286,4
UP_KW_LIGAND,KW-0479~Metal-binding,TF,670,23.92857143,0.011039712,"ITSN2, ATF2, ZNF296, OSGEPL1, ZFYVE9, ZNF292, ITSN1, TESK2, ENO1, ALKBH7, ENO2, GPATCH8, ZDBF2, ZC3H12C, ENDOV, ALKBH5, ZSCAN30, ZMIZ1, PRKCG, PRKCH, ENDOG, PRKCB, ZNF160, CACNA2D2, ZNF12, DICER1, HDHD2, HSPG2, ZNF14, RC3H2, CLPX, ZFYVE16, ETHE1, FREM2, OPTN, IDO1, ZNF397, ZNF276, ZNF154, EXD2, ZNF395, EXD3, MTMR3, ZNF391, BAZ2A, BAZ2B, RNF213, ADAMTS13, RHOT1, ADAMTS19, RNF217, AMZ2, LTA4H, HBQ1, ZNF148, ZNF146, ZSCAN18, LHPP, EDEM3, ZNF264, PHC2, ZNF141, ZNF382, NEBL, TIPARP, ZNF260, BRAF, NR1D2, LNPEP, ZNF34, PHC3, COL1A1, MLLT10, COL1A2, AGO3, RNF227, NAPEPLD, ZNF138, DZIP1, PAM, DZIP3, ZNF135, ZNF254, ZNF133, PHF3, CDKN1A, SETD2, SMG1, ZNF251, PHF20, TUT4, ZNF43, ZNF44, ASH2L, PHF7, ASGR1, EEA1, TRIM8, ING4, GLI4, CSRP2, TRIM2, ZNF280C, RNF150, NINL, SHPRH, CNOT6L, KCND2, TESC, TET2, TET1, ASH1L, SIRT1, SUMF2, FAHD2A, CIT, MMP11, RNF169, ZEB1, MMP16, AEBP2, MTF2, ZNF117, PPARA, GAS6, HLA-DQB1, C11ORF54, ZNF470, COL11A1, ZNF518B, ZNF518A, ZNF66, ADCY6, NSD3, FGD4, LMAN1, WRN, ERMP1, FGD6, NSD2, ZSWIM8, ZSWIM6, ZNF227, ZNF226, ZNF467, P4HTM, RNF130, RUNX1T1, EGLN1, ZNF100, EGLN3, ANKIB1, ZNF581, GSN, ZNF580, MGMT, RIOK3, ZNF77, SULF1, GATAD2B, SULF2, AGBL5, ZNF33A, RNF146, TTLL6, SMOC2, TTLL3, RNF149, TTLL1, YPEL1, MSRB2, ZNF217, ZNF337, YPEL5, ZNF577, AGRN, ZNF334, ZNF333, YPEL3, NUCB2, YPEL2, ZNF331, ZNF451, ZBTB25, DGKA, ZBTB26, ZBTB21, ZBTB20, GUCA1A, PLOD2, RORA, PLOD1, ATP12A, CDH8, SLC8A2, PPP1CB, NPEPPS, PPP1CC, SALL1, ZFP30, SALL3, CDH1, RNF19A, SALL4, PHYHD1, ZNF329, PAPOLA, ZNF449, NUDT18, PLS3, PMPCB, NEK1, CHP1, MAP3K8, KMT5B, STK32A, ZNF445, ZFP37, STK32C, ZNF322, ZNF563, NUDT12, ZNF441, MYLIP, ZNF681, AGTPBP1, S100A1, KMT5C, USP3, ZBTB37, ATP11B, ZCRB1, ATP11A, PIAS2, PIAS1, CLIP1, ACAP2, OBSCN, KAT6B, KAT6A, FKBP8, ADAM9, ZNF678, FKBP9, ADNP, ZNF677, UTRN, ZNF555, ZNF433, ZNF675, AJUBA, PVALB, ZNF431, CUL9, KMT2E, ZNF793, BRSK1, ZNF791, KMT2A, TNKS, KMT2C, UBR2, RLF, PHF21A, ACAT1, PHF21B, TKFC, UBR5, ZNF428, ZKSCAN8, ZBBX, ZKSCAN2, RNF170, SMYD4, ZNF667, SMYD3, NPTX1, ZNF785, ZNF664, ZKSCAN1, MAP2K5, DRD4, ZNF783, ZBTB18, NEK9, ATP8B3, NRDC, ZBTB10, MOB1B, BCL6, P4HA1, P4HA2, ZNF419, ZNF418, CPD, P4HA3, LHX1, MDM2, ZNF658, RNF181, MDM4, SP8, ZNF655, ZNF654, ZNF532, ZNF652, PLEKHM3, ZNF891, MOXD1, ZNF770, CALCOCO1, TRIM73, BNC2, CALCOCO2, POMT1, AKAP8L, ZC3H6, ZFP82, PTER, MB, PGM3, EFHD1, ZNF404, ZNF644, UTY, ZNF521, EDIL3, PGM1, ZNF883, ZNF880, PLA2G12A, DST, LANCL1, ATRX, ZNF75D, KSR2, ARFGAP3, ZFP90, PKM, RRM2B, ASPH, ZNF519, PCCA, CTDSP1, ZNF638, TRAF5, ZNF516, ZNF514, ITGA6, TRIM54, BIRC2, TRIM56, PRKAA2, UHRF2, LRP1, ROCK1, PLAG1, HDAC1, PPM1N, RNF38, PPM1K, PPM1E, CXXC4, HDAC9, ZBTB41, SRR, ZNF507, ZNF626, ZNF621, ATP9B, TRIM44, ZNF740, ATP9A, TRIM45, CDC42BPB, KLF4, CDC42BPA, CTCFL, KLF8, MGAT4C, PFKL, PINK1, SNRK, RAD50, FRAS1, ZNF738, SYT10, IMPDH2, SNRNP48, TRIM37, TRIM38, ZNF732, ZNF610, PFKM, ZNF730, PFKP, APP, CPNE5, ZMYND8, JMJD1C, CBLB, IKZF2, ZNF608, ZNF605, PEG10, TRIM24, CPNE1, ZNF844, ZNF721, SCAPER, TRIM22, ACTN3, ESCO1, LIMCH1, SCAF11, ZFP2, NSMCE1, P3H2, THAP2, CYP27A1, THAP6, ZNF839, THAP5, PPA2, ZNF717, ZNF714, THAP9, SUCLG2, ZNF711, ZFPM1, NAIP, NECAB2, L3MBTL1, NECAB1, MYCBP2, TSHZ2, BRCC3, NLK, ZBTB4, MBTD1, BRIP1, ZNF704, HLTF, VPS8, HIVEP1, ZBED1, TRPM7, ARSG, RIMKLA, ARSD, RIMKLB, TRMT1L, TRPM4, ZRANB3, ZRANB1, TRERF1, CYP26A1, PDE3A, COL9A1, CALM3, RBAK, TP73, DDR1, NRP1, TOP2B, NRP2, DOC2A, CETN3, OTUD7B, RSF1, CLYBL, ZMYM2, PCLO, ZMYM4, ZMYM5, ZMYM6, REV3L, IDS, ARIH1, SPTAN1, COMMD3, ANO6, CBFA2T2, CBFA2T3, MMP23B, PITPNM3, TAX1BP1, RHOU, MICU1, MPND, DCP2, GDPD1, XIAP, GDPD2, PRICKLE1, NOL3, GNAI1, ZFP14, NT5M, PAK3, EPS15, XDH, LNPK, ZNF585A, MAP3K2, LMLN, MAP3K1, GCA, NUBPL, C1GALT1, MIB2, MYO9A, MIB1, NUDT7, TTC3, NBR1, TCEA2, TCEA1, ESYT2, ZNF354C, ZFP28, GALNT12, GALNT11, MPI, RASEF, ZFAND5, GALNT17, UBE3A, PRDM2, ZFAND1, LOXL2, GNPTAB, ZNF83, POGZ, CAPN2, ENPP4, ARID2, ENPP5, CA14, PHYH, KDM2A, ZGRF1, APLP2, LMTK3, ADAM10, RSBN1, ZNF91, LOX, WDFY3, STEAP2, GNAZ, SLC1A1, CACNA1A, DTX3, RASGRP1, LPP, STK3, RAI1, ZMAT1, MAN2A2, MAN2A1, CYP11A1, ZMAT4, DNAJC21, USP51, PDZD8, ANKZF1, BPTF, SMAD2, SMAD4, EPHX2, IDH2, PHF11, SMAD9, HELZ, ZFHX4, SMAD5, SYT7, SYT6, PAN2, LIN28B, BMP1, GNAL, COL5A1, CAPRIN2, UBA2, PHF13, KDM5A, KDM5B, KDM5D, RBM26, USP32, CHD4, MTR, CHD3, TENT4A, ADAL, RBM4, ZIC2, HEPH, CA3, ZIC3, ENOSF1, CYP4V2, GATAD1, PDE4A, POLI, POLL, POLK, NOS1, GALNT9, RBM5, KDM6B, KLF11, USP49, KLF13, PTGIS, OXSR1, PJA2, TGFBR1, LATS1, AGAP9, LATS2, RASA4, CAT, CDH11, PDE5A, HAGH, FBP1, FAN1, B4GALT4, RBKS, KDM7A, COLEC12, USP13, KDM3A, GALT, KDM3B, NRXN1, SPG7, ACVR1B, SAMHD1, ATP2C1, RNF5, HMGCL, NT5DC1, PDLIM3, UGP2, PDLIM2, MTA1, REPS2, PDE6B, TENT2, MTA3, KDM4B, KDM4C, ZNF185, TAF15, GALNT3, ATP2B4, ZFC3H1, PPP2R3A, ZIC5, ACVR2B, SOD3, CCS, REST, TEC, ERCC2, LNX1",1095,3962,6833,1.055255521,0.406520013,0.129716615,0.12419676,5.955456286,4
UP_SEQ_FEATURE,ZN_FING:C2H2-type 16,TF,23,0.821428571,0.032939516,"ZNF441, ZNF791, ZNF681, ZNF470, ZNF160, ZNF43, ZNF44, ZFHX4, ZNF14, ZNF33A, ZNF91, ZNF418, ZNF605, ZNF658, ZNF337, ZNF227, ZNF721, ZNF226, RBAK, ZNF521, ZNF433, ZNF135, ZNF585A",2621,115,20532,1.566730256,1,1,0.996512262,5.955456286,4
SMART,SM00349:KRAB,TF,78,2.785714286,0.038732212,"ZNF133, ZNF254, ZNF331, ZNF891, ZNF251, ZNF43, ZNF44, ZFP82, ZFP30, ZNF83, ZNF605, ZNF844, ZNF404, ZNF721, ZNF445, ZFP37, ZNF563, ZNF441, ZNF880, ZNF681, ZNF160, ZNF12, ZNF75D, ZNF14, ZFP90, ZNF91, ZNF717, ZNF788P, ZNF519, ZNF714, ZNF514, ZNF678, ZNF677, ZNF555, ZNF675, ZNF433, ZNF431, ZNF793, ZNF154, ZNF791, ZNF470, ZNF66, ZFP14, ZKSCAN8, ZNF626, ZKSCAN2, ZNF667, ZNF227, ZNF226, ZNF621, ZNF785, ZKSCAN1, ZNF585A, ZNF783, ZNF100, ZNF264, ZNF141, ZNF382, ZNF77, ZNF34, ZNF33A, ZNF419, ZNF738, ZNF418, ZNF658, ZNF337, ZNF138, ZNF732, ZNF655, ZNF610, ZNF577, RBAK, ZNF334, ZNF730, ZNF135, ZNF333, ZNF354C, ZFP28",1535,430,10379,1.226516173,1,0.888557553,0.875562195,5.955456286,4
GOTERM_MF_DIRECT,GO:0005524~ATP binding,ATP/Src binding,296,10.57142857,4.71E-12,"EIF4A2, TRIO, PANK3, TESK2, DNHD1, SMC5, CCT6B, AKT3, PDK3, LONP2, PDK1, DDX17, DYNC2H1, PRKCG, EPHA4, PRKCH, ENTPD4, PRKCB, ENTPD5, STARD9, DICER1, CSNK1E, CLPX, UHMK1, DHX40, KATNAL1, DDX39B, KATNAL2, TEP1, SUCLG2, ULK2, NAIP, ABCB7, AASDH, PRKDC, HSPA4L, TRANK1, FIGNL2, NLK, TTBK2, BRIP1, SPAST, RNF213, DHX32, PPCS, MYO6, HLTF, PIP5K1A, TRPM7, RIMKLA, RIMKLB, N4BP2, TRPM4, ABCA1, ZRANB3, CDK18, ABCA2, CDK19, YES1, ABCA3, INSR, EIF2AK1, SMARCA5, MYO5A, EIF2AK2, BRAF, EIF2AK4, HSPA12A, SMARCA1, PTK2, DCLK1, MOV10, WNK1, PTK7, MYO5B, WNK3, ATM, CDK13, ITM2B, CDK16, ATR, DDR1, TOP2B, SMG1, AATK, PYGL, IKBKB, DSTYK, KCNT2, KIF13A, KIF13B, KIF1B, TK2, JAK3, MAP4K1, SHPRH, STRADA, TYK2, SYN3, KIF27, CIT, RAD51B, HCK, BBS10, KIFC2, PNCK, FIGN, PRKX, ADCY6, RAD54B, PAPSS1, WRN, ATP5F1A, BTAF1, PMS2, PAK3, MAP4K4, MAP3K2, DYNC1H1, MAP3K1, ATAD5, RIOK3, NUBPL, ERCC6L2, PNPLA8, ATAD2, HIPK1, MYO9A, HIPK3, MLH3, HIPK2, TTLL6, TTLL3, AXL, STK17B, TAOK1, TTLL1, PKN2, NDUFA13, DGKA, ATP12A, IGF1R, SMCHD1, SLK, PPIP5K1, KIF5B, KIF5A, PAPOLA, NEK1, MAP3K8, MAP3K9, STK32A, STK32C, GTF2I, CDKL2, CDKL3, RALBP1, CDKL5, HFM1, SWAP70, MAGI3, LMTK3, CASK, DYRK1B, ATP11B, ATP11A, VRK3, MSH6, OBSCN, KIF16B, MSH3, SCN8A, SNRNP200, CUL9, DDX6, BRSK1, PFKFB4, PFKFB3, UBA6, STK39, RHOBTB3, AK3, DDX60, HSP90B1, STK3, TKFC, PGK1, MYH10, MAP2K5, IP6K2, MAP2K6, FN3K, NEK9, UBE2H, ATP8B3, FANCM, HELZ, HOOK3, CLK4, CLK3, ACSF2, TBCK, FER, CDK6, CPS1, HOOK1, UBA2, UBA1, FGFR3, FGFR2, FGFR1, ABCD4, DDX3Y, GSK3B, FLT1, CHD9, CHD7, CHD6, PIK3CD, CHD4, CHD3, CHD2, TENT4A, HK2, NADK2, TLK2, MYO18A, TLK1, PRKG1, PSTK, ABCC1, CAMK1D, APAF1, RFC1, ATRX, ABCC6, PEX1, OXSR1, KSR2, SMC1A, DDX50, TGFBR1, LATS1, PKM, LATS2, UBE2R2, PCCA, PEX6, PCCB, MYH9, PIK3C3, RBKS, SLFN5, ACSS3, CAMK2D, PRKAA2, ROCK1, DDX25, SPG7, ACVR1B, CLCN3, ATP2C1, ATAD2B, GK5, SRR, IARS2, ASCC3, TENT2, CNNM2, ATP9B, CLASP1, ATP9A, POLQ, MYO10, ATP2B4, KIAA0232, CDC42BPB, CDC42BPA, ACVR2B, MYO1D, MAPK10, MYO1E, SNRK, PFKL, RAD50, PINK1, TEC, P2RX4, MYO15B, ERCC2, KRAS, ERCC6, PFKM, PFKP, TAF1",2497,1541,18908,1.454508031,8.34E-09,4.17E-09,4.11E-09,5.938842604,5
INTERPRO,IPR011009:Protein kinase-like domain,ATP/Src binding,116,4.142857143,1.11E-07,"TRIO, TESK2, KNDC1, IGF1R, SLK, AKT3, NEK1, MAP3K8, MAP3K9, STK32A, ACAD10, STK32C, GTF2I, CDKL2, PRKCG, CDKL3, EPHA4, CDKL5, PRKCH, PRKCB, LMTK3, CASK, DYRK1B, CSNK1E, VRK3, UHMK1, OBSCN, ULK2, BRSK1, PRKDC, STK39, NLK, STK3, TTBK2, TRPM7, MAP2K5, MAP2K6, FN3K, CDK18, NEK9, CDK19, YES1, INSR, EIF2AK1, EIF2AK2, BRAF, EIF2AK4, CLK4, PTK2, CLK3, DCLK1, TBCK, FER, CDK6, WNK1, PTK7, WNK3, ATM, CDK13, FGFR3, FGFR2, CDK16, ATR, FGFR1, DDR1, GSK3B, SMG1, FLT1, AATK, PIK3CD, IKBKB, DSTYK, TLK2, TLK1, JAK3, PRKG1, MAP4K1, CAMK1D, STRADA, KSR2, TYK2, OXSR1, TGFBR1, CIT, LATS1, HCK, LATS2, PEAK1, PIK3C3, CAMK2D, PRKAA2, PNCK, ROCK1, PRKX, ACVR1B, PAK3, CLASP1, MAP4K4, MAP3K2, MAP3K1, RIOK3, CDC42BPB, CDC42BPA, HIPK1, ACVR2B, HIPK3, HIPK2, MAPK10, SNRK, PINK1, TEC, AXL, STK17B, TAOK1, PKN2",2508,547,19176,1.621441005,3.19E-04,6.38E-05,6.34E-05,5.938842604,5
UP_KW_MOLECULAR_FUNCTION,KW-0418~Kinase,ATP/Src binding,153,5.464285714,7.44E-07,"PANK3, TRIO, DGKA, TESK2, IGF1R, SLK, PPIP5K1, AKT3, PDK3, NEK1, MAP3K8, MAP3K9, STK32A, STK32C, PDK1, GTF2I, CDKL2, PRKCG, CDKL3, EPHA4, WSB1, CDKL5, PRKCH, PRKCB, MAGI2, LMTK3, CASK, DYRK1B, CSNK1E, VRK3, MAPK8IP3, UHMK1, OBSCN, AKAP9, ULK2, OBSL1, BRSK1, PFKFB4, PFKFB3, PRKDC, STK39, AK3, PIK3R1, NLK, STK3, TTBK2, TKFC, PGK1, PIP5K1A, TRPM7, MAP2K5, MAP2K6, IP6K2, FN3K, CDK18, NEK9, CDK19, YES1, INSR, EIF2AK1, EIF2AK2, PHKB, BRAF, HOOK3, EIF2AK4, CLK4, PTK2, CLK3, DCLK1, MOB1B, FER, CDK6, WNK1, HOOK1, GKAP1, WNK3, CALM3, ATM, CDK13, FGFR3, FGFR2, CDK16, ATR, FGFR1, CDKN1C, DDR1, GSK3B, CDKN1A, SMG1, CDKN1B, FLT1, SH3KBP1, AKAP8L, AATK, PIK3CD, HK2, IKBKB, NADK2, DSTYK, AKAP10, TLK2, TLK1, TK2, JAK3, PRKG1, PSTK, MAP4K1, CAMK1D, KSR2, TYK2, OXSR1, TGFBR1, CIT, LATS1, HCK, LATS2, PKM, PIK3C3, RBKS, CAMK2D, PRKAA2, PNCK, SGMS1, ROCK1, PRKX, ACVR1B, PAPSS1, GK5, PAK3, MAP4K4, MAP3K2, MAP3K1, RIOK3, KIDINS220, CDC42BPB, CDC42BPA, HIPK1, ACVR2B, HIPK3, HIPK2, MAPK10, SNRK, PFKL, PINK1, TEC, AXL, STK17B, TAOK1, PKN2, PFKM, PFKP, TAF1",1650,747,11719,1.454713399,7.30E-05,2.43E-05,2.13E-05,5.938842604,5
UP_KW_LIGAND,KW-0067~ATP-binding,ATP/Src binding,277,9.892857143,1.43E-04,"EIF4A2, TRIO, PANK3, TESK2, SMC5, CCT6B, AKT3, PDK3, LONP2, PDK1, DDX17, DYNC2H1, PRKCG, EPHA4, PRKCH, ENTPD4, PRKCB, ENTPD5, STARD9, DICER1, CSNK1E, CLPX, UHMK1, DHX40, KATNAL1, DDX39B, KATNAL2, TEP1, ULK2, NAIP, ABCB7, AASDH, PRKDC, HSPA4L, FIGNL2, NLK, TTBK2, BRIP1, SPAST, RNF213, DHX32, PPCS, MYO6, HLTF, PIP5K1A, TRPM7, RIMKLA, RIMKLB, N4BP2, TRPM4, ABCA1, ZRANB3, CDK18, ABCA2, CDK19, YES1, ABCA3, INSR, EIF2AK1, SMARCA5, MYO5A, EIF2AK2, BRAF, EIF2AK4, HSPA12A, SMARCA1, PTK2, DCLK1, MOV10, WNK1, MYO5B, WNK3, ATM, CDK13, CDK16, ATR, DDR1, TOP2B, SMG1, AATK, IKBKB, DSTYK, KCNT2, KIF13A, KIF13B, KIF1B, TK2, JAK3, MAP4K1, SHPRH, STRADA, TYK2, SYN3, KIF27, CIT, RAD51B, HCK, BBS10, KIFC2, PNCK, FIGN, PRKX, ADCY6, RAD54B, PAPSS1, WRN, ATP5F1A, BTAF1, PAK3, MAP4K4, MAP3K2, DYNC1H1, MAP3K1, ATAD5, RIOK3, NUBPL, ERCC6L2, ATAD2, HIPK1, MYO9A, HIPK3, HIPK2, TTLL6, TTLL3, AXL, STK17B, TAOK1, TTLL1, PKN2, DGKA, ATP12A, IGF1R, SLK, PPIP5K1, KIF5B, KIF5A, PAPOLA, NEK1, MAP3K8, MAP3K9, STK32A, STK32C, CDKL2, CDKL3, RALBP1, CDKL5, HFM1, MAGI3, LMTK3, CASK, DYRK1B, ATP11B, ATP11A, MSH6, OBSCN, KIF16B, MSH3, SCN8A, SNRNP200, CUL9, DDX6, BRSK1, PFKFB4, PFKFB3, UBA6, STK39, RHOBTB3, DDX60, HSP90B1, STK3, TKFC, PGK1, MYH10, MAP2K5, IP6K2, MAP2K6, FN3K, NEK9, UBE2H, ATP8B3, FANCM, HELZ, HOOK3, CLK4, CLK3, ACSF2, FER, CDK6, CPS1, HOOK1, UBA2, UBA1, FGFR3, FGFR2, FGFR1, ABCD4, DDX3Y, GSK3B, FLT1, CHD9, CHD7, CHD6, PIK3CD, CHD4, CHD3, CHD2, TENT4A, HK2, NADK2, TLK2, MYO18A, TLK1, PRKG1, PSTK, ABCC1, CAMK1D, APAF1, RFC1, ATRX, ABCC6, PEX1, OXSR1, KSR2, SMC1A, DDX50, TGFBR1, LATS1, PKM, LATS2, UBE2R2, PCCA, PEX6, PCCB, MYH9, PIK3C3, RBKS, SLFN5, ACSS3, CAMK2D, PRKAA2, ROCK1, DDX25, SPG7, ACVR1B, CLCN3, ATP2C1, ATAD2B, GK5, SRR, IARS2, ASCC3, TENT2, ATP9B, ATP9A, POLQ, MYO10, ATP2B4, KIAA0232, CDC42BPB, CDC42BPA, ACVR2B, MYO1D, MAPK10, MYO1E, SNRK, PFKL, RAD50, PINK1, TEC, MYO15B, ERCC2, KRAS, ERCC6, PFKM, PFKP, TAF1",1095,1436,6833,1.203712113,0.006712083,0.006734228,0.006447665,5.938842604,5
UP_KW_LIGAND,KW-0547~Nucleotide-binding,ATP/Src binding,323,11.53571429,0.036232467,"EIF4A2, TRIO, PANK3, TESK2, SMC5, CCT6B, AKT3, PDK3, LONP2, PDK1, DDX17, DYNC2H1, PRKCG, EPHA4, PRKCH, ENTPD4, PRKCB, ENTPD5, STARD9, DICER1, CSNK1E, CLPX, UHMK1, DHX40, KATNAL1, DDX39B, KATNAL2, RRAGB, TEP1, SUCLG2, ULK2, NAIP, ABCB7, AASDH, PRKDC, HSPA4L, FIGNL2, NLK, GSPT2, TTBK2, BRIP1, SPAST, RNF213, DHX32, RHOT1, PPCS, MYO6, HLTF, PIP5K1A, TRPM7, RIMKLA, RIMKLB, N4BP2, TRPM4, ABCA1, ZRANB3, CDK18, ABCA2, CDK19, YES1, ABCA3, INSR, EIF2AK1, SMARCA5, MYO5A, EIF2AK2, BRAF, EIF2AK4, HSPA12A, SMARCA1, PTK2, DCLK1, MOV10, WNK1, MYO5B, WNK3, ATM, CDK13, CDK16, ATR, DDR1, TOP2B, SMG1, DHRS11, AATK, PYGL, IKBKB, DSTYK, KCNT2, HINT3, NNT, KIF13A, KIF13B, KIF1B, TK2, JAK3, MAP4K1, SHPRH, STRADA, TUBG2, TYK2, SYN3, KIF27, CIT, RAD51B, HCK, BBS10, KIFC2, RHOU, DLD, RHOQ, PNCK, ATL3, ATL2, FIGN, PRKX, ADCY6, GNAI1, RAD54B, PAPSS1, WRN, ATP5F1A, BTAF1, NT5M, PAK3, MAP4K4, MAP3K2, DYNC1H1, MAP3K1, ATAD5, RIOK3, NUBPL, ERCC6L2, ATAD2, HIPK1, MYO9A, HIPK3, HIPK2, TTLL6, RIT1, TTLL3, AXL, STK17B, TAOK1, TTLL1, PKN2, DGKA, RASEF, ATP12A, IGF1R, SLK, PPIP5K1, KIF5B, KIF5A, PAPOLA, NEK1, MAP3K8, MAP3K9, STK32A, STK32C, CDKL2, CDKL3, RAB2B, RALBP1, CDKL5, HFM1, MAGI3, LMTK3, CASK, DYRK1B, ATP11B, ATP11A, VRK3, EEF1A1, MSH6, OBSCN, KIF16B, MSH3, RAB37, SCN8A, EEF1A2, SNRNP200, CUL9, DDX6, GNAZ, BRSK1, PFKFB4, RAB5B, PFKFB3, UBA6, STK39, RHOBTB3, AK3, ARL2, DDX60, FHIT, HSP90B1, STK3, TKFC, PGK1, MYH10, RAB6B, MAP2K5, IP6K2, MAP2K6, FN3K, NEK9, UBE2H, ATP8B3, FANCM, HELZ, HOOK3, EEF2, CLK4, CLK3, ACSF2, MFHAS1, FER, GNAL, CDK6, CPS1, HOOK1, UBA2, UBA1, FGFR3, FGFR2, FGFR1, ABCD4, DDX3Y, GPSM2, GSK3B, FLT1, CHD9, CHD7, CHD6, PIK3CD, CHD4, CHD3, CHD2, TENT4A, HK2, NADK2, ARL5B, OPA1, CNGA1, TLK2, MYO18A, TLK1, PRKG1, PSTK, ABCC1, CAMK1D, APAF1, RFC1, ATRX, ABCC6, PEX1, OXSR1, KSR2, SMC1A, DDX50, DNM1, TGFBR1, LATS1, PKM, LATS2, UBE2R2, PCCA, PEX6, PCCB, MYH9, PIK3C3, PDE5A, GAPDH, RBKS, SLFN5, ACSS3, CAMK2D, PRKAA2, ROCK1, DDX25, SPG7, ACVR1B, CLCN3, SAMHD1, ATP2C1, ATAD2B, GK5, CDC42, SRR, RAB40B, RAB25, IARS2, ASCC3, TENT2, ATP9B, ATP9A, POLQ, MYO10, MX1, ATP2B4, KIAA0232, CDC42BPB, CDC42BPA, ACVR2B, MYO1D, MAPK10, MYO1E, SNRK, PFKL, RAD50, PINK1, NIN, TEC, MYO15B, ERCC2, KRAS, ERCC6, PFKM, PFKP, TAF1, HCN1",1095,1856,6833,1.085980062,0.823519094,0.340585187,0.3260922,5.938842604,5
UP_SEQ_FEATURE,DOMAIN:SH3,ATP/Src binding,54,1.928571429,1.84E-06,"ITSN2, DOCK3, TRIO, SH3KBP1, ITSN1, MIA3, FNBP1L, ARHGAP42, BAIAP2L1, SH3PXD2A, PPP1R13L, MCF2L, MAP3K9, SPTAN1, DSP, DST, FNBP1, CASK, HCK, CACNB3, CACNB4, FCHSD2, OBSCN, ARHGEF7, DOCK1, SHANK3, PIK3R1, PPL, FUT8, EFS, CASKIN1, PLCG2, SH3BP4, EPS8L2, SRGAP3, SRGAP1, SASH1, YES1, NEBL, SORBS2, SORBS3, PEX13, AHI1, MYO1E, SH3YL1, DLG1, TEC, DNMBP, MYO15B, ABI2, SH3D21, SGSM3, NOXA1, TJP3",2621,217,20532,1.949387876,0.01676063,8.90E-04,8.86E-04,4.874286985,6
UP_KW_DOMAIN,KW-0728~SH3 domain,ATP/Src binding,56,2,3.58E-06,"ITSN2, DOCK3, TRIO, SH3KBP1, ITSN1, MIA3, FNBP1L, CRKL, ARHGAP42, BAIAP2L1, SH3PXD2A, PPP1R13L, MCF2L, MAP3K9, SPTAN1, DSP, DST, FNBP1, CASK, CD2AP, HCK, CACNB3, CACNB4, FCHSD2, OBSCN, ARHGEF7, DOCK1, SHANK3, PIK3R1, PPL, FUT8, EFS, CASKIN1, PLCG2, SH3BP4, EPS8L2, SRGAP3, SRGAP1, SASH1, YES1, NEBL, SORBS2, SORBS3, PEX13, AHI1, MYO1E, SH3YL1, DLG1, TEC, DNMBP, MYO15B, ABI2, SH3D21, SGSM3, NOXA1, TJP3",1922,225,14486,1.875860793,1.07E-04,2.69E-05,2.06E-05,4.874286985,6
INTERPRO,IPR001452:Src homology-3 domain,ATP/Src binding,56,2,4.95E-06,"ITSN2, DOCK3, TRIO, SH3KBP1, ITSN1, MIA3, FNBP1L, CRKL, ARHGAP42, BAIAP2L1, SH3PXD2A, PPP1R13L, MCF2L, MAP3K9, SPTAN1, DSP, DST, FNBP1, CASK, CD2AP, HCK, CACNB3, CACNB4, FCHSD2, OBSCN, ARHGEF7, DOCK1, SHANK3, PIK3R1, PPL, FUT8, EFS, CASKIN1, PLCG2, SH3BP4, EPS8L2, SRGAP3, SRGAP1, SASH1, YES1, NEBL, SORBS2, SORBS3, PEX13, AHI1, MYO1E, SH3YL1, DLG1, TEC, DNMBP, MYO15B, ABI2, SH3D21, SGSM3, NOXA1, TJP3",2508,230,19176,1.861618473,0.014108951,0.001482991,0.001473696,4.874286985,6
SMART,SM00326:SH3,ATP/Src binding,49,1.75,9.75E-04,"ITSN2, DOCK3, TRIO, SH3KBP1, ITSN1, FNBP1L, CRKL, ARHGAP42, BAIAP2L1, SH3PXD2A, PPP1R13L, MCF2L, MAP3K9, SPTAN1, FNBP1, CASK, CD2AP, HCK, FCHSD2, ARHGEF7, DOCK1, SHANK3, PIK3R1, FUT8, EFS, CASKIN1, PLCG2, SH3BP4, EPS8L2, SRGAP3, SRGAP1, SASH1, YES1, NEBL, SORBS2, SORBS3, PEX13, AHI1, MYO1E, SH3YL1, DLG1, TEC, DNMBP, MYO15B, ABI2, SH3D21, SGSM3, NOXA1, TJP3",1535,209,10379,1.585246949,0.413504884,0.088888461,0.087588447,4.874286985,6
UP_KW_BIOLOGICAL_PROCESS,KW-0324~Glycolysis,Glycolysis,18,0.642857143,1.87E-06,"GPI, TPI1, PGAM1, PGAM2, ENO1, HOOK3, ENO2, HK2, DHTKD1, PFKL, PKM, HOOK1, PGK1, ALDOC, ALDOA, GAPDH, PFKM, PFKP",1583,36,11229,3.546746684,2.99E-04,7.47E-05,7.14E-05,4.156149551,7
GOTERM_BP_DIRECT,GO:0006096~glycolytic process,Glycolysis,19,0.678571429,2.59E-06,"GPI, TPI1, PGAM1, PGAM2, ENO1, HOOK3, ENO2, HK2, DHTKD1, LDHA, PFKL, PKM, HOOK1, PGK1, ALDOC, ALDOA, GAPDH, PFKM, PGM1",2451,44,19333,3.406095842,0.016055294,0.001652361,0.001644428,4.156149551,7
GOTERM_BP_DIRECT,GO:0061621~canonical glycolysis,Glycolysis,10,0.357142857,4.10E-05,"PFKL, PKM, TPI1, PGAM2, PGK1, ENO1, ENO2, PFKM, HK2, PFKP",2451,16,19333,4.929875561,0.226275392,0.013346058,0.013281986,4.156149551,7
KEGG_PATHWAY,hsa01200:Carbon metabolism,Glycolysis,32,1.142857143,5.17E-05,"GPI, H6PD, ENO1, SDSL, ENO2, HK2, ACAT1, TKFC, ESD, PGK1, PGLS, ACADS, TPI1, PGAM1, IDH2, PGAM2, SDHA, PFKL, ALDH6A1, PKM, CPS1, PCCA, CAT, PCCB, SUCLG2, ALDOC, ALDOA, DLD, FBP1, PFKM, GAPDH, PFKP",1078,115,8205,2.117931758,0.017524618,0.005893178,0.004859287,4.156149551,7
KEGG_PATHWAY,hsa00010:Glycolysis / Gluconeogenesis,Glycolysis,20,0.714285714,7.21E-04,"GPI, TPI1, PGAM1, PGAM2, ENO1, ENO2, HK2, LDHA, PFKL, PKM, PGK1, ALDOC, ALDOA, GAPDH, DLD, ALDH7A1, FBP1, PFKM, PGM1, PFKP",1078,67,8205,2.272035001,0.218715992,0.018729231,0.015443401,4.156149551,7
KEGG_PATHWAY,hsa01230:Biosynthesis of amino acids,Glycolysis,18,0.642857143,0.015621874,"TPI1, PGAM1, PGAM2, IDH2, MTR, ENO1, ENO2, SDSL, PFKL, PKM, CPS1, PGK1, ALDOC, ALDOA, GAPDH, PFKM, PFKP, BCAT2",1078,75,8205,1.826716141,0.995414482,0.100805303,0.083120162,4.156149551,7
GOTERM_MF_DIRECT,GO:0004386~helicase activity,helicase activity,29,1.035714286,1.18E-07,"EIF4A2, DDX6, CHD9, CHD7, CHD6, CHD4, CHD3, CHD2, DDX60, BRIP1, DHX32, BTAF1, HLTF, ASCC3, ZRANB3, SHPRH, HFM1, ERCC6L2, ZGRF1, ATRX, SMARCA5, HELZ, DICER1, SMARCA1, DHX40, DDX39B, ERCC2, ERCC6, SNRNP200",2497,75,18908,2.927950874,2.10E-04,3.72E-05,3.67E-05,4.025489587,8
INTERPRO,IPR000330:SNF2-related,helicase activity,16,0.571428571,8.54E-06,"ZRANB3, SHPRH, ERCC6L2, CHD9, ATRX, CHD7, SMARCA5, CHD6, CHD4, CHD3, SMARCA1, CHD2, RAD54B, BTAF1, HLTF, ERCC6",2508,34,19176,3.598086124,0.024223119,0.002032914,0.002020173,4.025489587,8
INTERPRO,"IPR014001:Helicase, superfamily 1/2, ATP-binding domain",helicase activity,34,1.214285714,8.88E-06,"DDX3Y, EIF4A2, DDX6, CHD9, DDX25, CHD7, CHD6, CHD4, CHD3, CHD2, DDX60, RAD54B, BRIP1, WRN, DHX32, BTAF1, HLTF, ASCC3, DDX17, ZRANB3, POLQ, SHPRH, HFM1, FANCM, ERCC6L2, ATRX, SMARCA5, DICER1, SMARCA1, DDX50, DHX40, DDX39B, ERCC6, SNRNP200",2508,116,19176,2.241049332,0.025186731,0.002032914,0.002020173,4.025489587,8
GOTERM_MF_DIRECT,GO:0070615~nucleosome-dependent ATPase activity,helicase activity,16,0.571428571,9.62E-06,"ZRANB3, SHPRH, ERCC6L2, CHD9, ATRX, CHD7, SMARCA5, CHD6, CHD4, CHD3, SMARCA1, CHD2, RAD54B, BTAF1, HLTF, ERCC6",2497,34,18908,3.563429056,0.0168995,0.001379576,0.001360101,4.025489587,8
UP_SEQ_FEATURE,MOTIF:DEAH box,helicase activity,19,0.678571429,1.23E-05,"ZRANB3, POLQ, HFM1, FANCM, ERCC6L2, CHD9, CHD7, SMARCA5, CHD6, CHD4, CHD3, SMARCA1, CHD2, DHX40, BRIP1, WRN, DHX32, ERCC2, ERCC6",2621,48,20532,3.100820298,0.106590434,0.004508379,0.004492165,4.025489587,8
UP_SEQ_FEATURE,DOMAIN:Helicase ATP-binding,helicase activity,34,1.214285714,2.04E-05,"DDX3Y, EIF4A2, DDX6, CHD9, DDX25, CHD7, CHD6, CHD4, CHD3, CHD2, DDX60, RAD54B, BRIP1, WRN, DHX32, BTAF1, HLTF, ASCC3, DDX17, ZRANB3, POLQ, HFM1, FANCM, ERCC6L2, ATRX, SMARCA5, DICER1, SMARCA1, DDX50, DHX40, DDX39B, ERCC2, ERCC6, SNRNP200",2621,123,20532,2.16539954,0.170876825,0.006940172,0.006915213,4.025489587,8
UP_SEQ_FEATURE,DOMAIN:Helicase C-terminal,helicase activity,32,1.142857143,2.70E-05,"DDX3Y, EIF4A2, DDX6, CHD9, DDX25, CHD7, CHD6, CHD4, CHD3, CHD2, DDX60, RAD54B, WRN, BTAF1, HLTF, ASCC3, DDX17, ZRANB3, POLQ, SHPRH, HFM1, FANCM, ERCC6L2, ATRX, SMARCA5, DICER1, SMARCA1, DDX50, DHX40, DDX39B, ERCC6, SNRNP200",2621,114,20532,2.198919657,0.219351364,0.008538854,0.008508146,4.025489587,8
INTERPRO,"IPR001650:Helicase, C-terminal",helicase activity,32,1.142857143,3.58E-05,"DDX3Y, EIF4A2, DDX6, CHD9, DDX25, CHD7, CHD6, CHD4, CHD3, CHD2, DDX60, RAD54B, WRN, BTAF1, HLTF, ASCC3, DDX17, ZRANB3, POLQ, SHPRH, HFM1, FANCM, ERCC6L2, ATRX, SMARCA5, DICER1, SMARCA1, DDX50, DHX40, DDX39B, ERCC6, SNRNP200",2508,113,19176,2.165219969,0.097790522,0.006860447,0.00681745,4.025489587,8
SMART,SM00487:DEXDc,helicase activity,33,1.178571429,2.07E-04,"DDX3Y, EIF4A2, DDX6, CHD9, DDX25, CHD7, CHD6, CHD4, CHD3, CHD2, DDX60, RAD54B, BRIP1, WRN, BTAF1, HLTF, ASCC3, DDX17, ZRANB3, POLQ, SHPRH, HFM1, FANCM, ERCC6L2, ATRX, SMARCA5, DICER1, SMARCA1, DDX50, DHX40, DDX39B, ERCC6, SNRNP200",1535,115,10379,1.940274749,0.107184375,0.028340859,0.027926368,4.025489587,8
SMART,SM00490:HELICc,helicase activity,32,1.142857143,3.40E-04,"DDX3Y, EIF4A2, DDX6, CHD9, DDX25, CHD7, CHD6, CHD4, CHD3, CHD2, DDX60, RAD54B, WRN, BTAF1, HLTF, ASCC3, DDX17, ZRANB3, POLQ, SHPRH, HFM1, FANCM, ERCC6L2, ATRX, SMARCA5, DICER1, SMARCA1, DDX50, DHX40, DDX39B, ERCC6, SNRNP200",1535,113,10379,1.914779049,0.169884814,0.037231825,0.036687301,4.025489587,8
UP_KW_MOLECULAR_FUNCTION,KW-0347~Helicase,helicase activity,36,1.285714286,0.001152789,"DDX3Y, EIF4A2, DDX6, CHD9, DDX25, CHD7, CHD6, CHD4, CHD3, CHD2, DDX60, RAD54B, BRIP1, WRN, DHX32, BTAF1, HLTF, ASCC3, DDX17, ZRANB3, SHPRH, HFM1, FANCM, ERCC6L2, ATRX, SMARCA5, HELZ, DICER1, SMARCA1, DDX50, DHX40, MOV10, DDX39B, ERCC2, ERCC6, SNRNP200",1650,148,11719,1.727616708,0.106883752,0.012552596,0.011015543,4.025489587,8
INTERPRO,"IPR011545:DNA/RNA helicase, DEAD/DEAH box type, N-terminal",helicase activity,14,0.5,0.129870261,"DDX3Y, EIF4A2, DDX17, POLQ, DDX6, HFM1, DDX25, DDX60, DDX50, DHX40, WRN, DDX39B, ASCC3, SNRNP200",2508,71,19176,1.507648763,1,1,0.994078718,4.025489587,8
GOTERM_MF_DIRECT,GO:0003724~RNA helicase activity,helicase activity,14,0.5,0.210664332,"DDX3Y, EIF4A2, DDX17, DDX6, FANCM, DDX25, DDX60, DDX50, RAD54B, DHX40, BRIP1, DHX32, DDX39B, SNRNP200",2497,77,18908,1.376779408,1,1,0.986440678,4.025489587,8
UP_KW_DOMAIN,KW-0729~SH3-binding,SH3-binding,20,0.714285714,3.59E-04,"USP8, CNTNAP1, DOCK3, SH3KBP1, ADAM10, QKI, CIT, CD2AP, ENAH, FUT8, SH3BGRL, EFS, DNAJC6, INPP5D, MVB12A, CCDC6, PAK3, DOCK1, EPS15, SHANK3",1922,63,14486,2.392679583,0.010712282,0.00196697,0.001508011,3.311163097,9
UP_SEQ_FEATURE,MOTIF:SH3-binding,SH3-binding,18,0.642857143,4.26E-04,"USP8, CNTNAP1, DOCK3, ADAM10, PRDM2, QKI, PNRC1, CIT, CD2AP, FUT8, SH3BGRL, EFS, MTA1, DNAJC6, MVB12A, CCDC6, EPS15, SHANK3",2621,56,20532,2.517959339,0.979923276,0.100188769,0.099828456,3.311163097,9
GOTERM_MF_DIRECT,GO:0017124~SH3 domain binding,SH3-binding,32,1.142857143,7.63E-04,"CNTNAP1, DOCK3, SH3KBP1, CBLB, ESPN, FUT8, SH3BGRL, EFS, INPP5D, DPYSL3, MVB12A, PAK3, EPS15, DRD4, USP8, PRRT2, LANCL1, ADAM10, DNM1, QKI, CIT, CD2AP, ENAH, ABI2, DNAJC6, NOXA1, CCDC6, ADAM9, MAPT, SOS1, DOCK1, SHANK3",2497,131,18908,1.849718899,0.741010744,0.049854757,0.049150991,3.311163097,9
INTERPRO,IPR000330:SNF2-related,SH3-binding,16,0.571428571,8.54E-06,"ZRANB3, SHPRH, ERCC6L2, CHD9, ATRX, CHD7, SMARCA5, CHD6, CHD4, CHD3, SMARCA1, CHD2, RAD54B, BTAF1, HLTF, ERCC6",2508,34,19176,3.598086124,0.024223119,0.002032914,0.002020173,3.172982011,10
GOTERM_MF_DIRECT,GO:0070615~nucleosome-dependent ATPase activity,SH3-binding,16,0.571428571,9.62E-06,"ZRANB3, SHPRH, ERCC6L2, CHD9, ATRX, CHD7, SMARCA5, CHD6, CHD4, CHD3, SMARCA1, CHD2, RAD54B, BTAF1, HLTF, ERCC6",2497,34,18908,3.563429056,0.0168995,0.001379576,0.001360101,3.172982011,10
UP_SEQ_FEATURE,MOTIF:DEAH box,SH3-binding,19,0.678571429,1.23E-05,"ZRANB3, POLQ, HFM1, FANCM, ERCC6L2, CHD9, CHD7, SMARCA5, CHD6, CHD4, CHD3, SMARCA1, CHD2, DHX40, BRIP1, WRN, DHX32, ERCC2, ERCC6",2621,48,20532,3.100820298,0.106590434,0.004508379,0.004492165,3.172982011,10
UP_SEQ_FEATURE,DOMAIN:Helicase ATP-binding,SH3-binding,34,1.214285714,2.04E-05,"DDX3Y, EIF4A2, DDX6, CHD9, DDX25, CHD7, CHD6, CHD4, CHD3, CHD2, DDX60, RAD54B, BRIP1, WRN, DHX32, BTAF1, HLTF, ASCC3, DDX17, ZRANB3, POLQ, HFM1, FANCM, ERCC6L2, ATRX, SMARCA5, DICER1, SMARCA1, DDX50, DHX40, DDX39B, ERCC2, ERCC6, SNRNP200",2621,123,20532,2.16539954,0.170876825,0.006940172,0.006915213,3.172982011,10
UP_SEQ_FEATURE,DOMAIN:Chromo 1,SH3-binding,8,0.285714286,2.41E-04,"CBX5, CHD9, CHD7, CBX1, CHD6, CHD4, CHD3, CHD2",2621,12,20532,5.222434185,0.89014122,0.063094108,0.0628672,3.172982011,10
UP_SEQ_FEATURE,DOMAIN:Chromo 2,SH3-binding,6,0.214285714,0.002718719,"CHD9, CHD7, CHD6, CHD4, CHD3, CHD2",2621,9,20532,5.222434185,1,0.479749322,0.478023981,3.172982011,10
GOTERM_MF_DIRECT,GO:0003678~DNA helicase activity,SH3-binding,14,0.5,0.052574839,"MRE11, HFM1, CHD9, ATRX, CHD7, CHD6, CHD4, CHD3, CHD2, RAD54B, BRIP1, WRN, RAD50, ERCC2",2497,61,18908,1.737901876,1,0.991587539,0.977589974,3.172982011,10
INTERPRO,IPR006576:BRK domain,SH3-binding,3,0.107142857,0.179232317,"CHD9, CHD7, CHD6",2508,6,19176,3.822966507,1,1,0.994078718,3.172982011,10
SMART,SM00592:BRK,SH3-binding,3,0.107142857,0.218326105,"CHD9, CHD7, CHD6",1535,6,10379,3.380781759,1,1,0.987179487,3.172982011,10
UP_SEQ_FEATURE,REPEAT:ANK 3,Ankyrin repeat,49,1.75,8.52E-05,"FANK1, ANKRD13C, ANKRD37, ANKRD36, ANKRD33, ESPN, POTEI, NUDT12, ANKDD1A, ANKRD36C, PPP1R12A, TRPC4, TRPC1, PPP1R16A, ANK3, ANK1, ZDHHC17, CLIP3, ACAP2, ANKRA2, PPP1R12B, BCORL1, SHANK3, ANKRD36B, TNKS, ANKRD11, ANKRD12, TRANK1, PLA2G6, UACA, HECTD1, CASKIN1, ANKAR, ANKRD10, CAMTA1, ANKRD54, ANKRD50, ANKRD26, HACE1, FEM1B, KIDINS220, MIB2, NFKB2, MIB1, ANKRD65, ANKRD18B, ANKRD18A, OSBPL1A, ASB3",2621,217,20532,1.768888998,0.542397722,0.024428799,0.024340945,3.004620918,11
UP_SEQ_FEATURE,REPEAT:ANK,Ankyrin repeat,43,1.535714286,1.82E-04,"FANK1, ANKRD37, TNKS, ANKRD36, ANKRD11, ANKRD12, ESPN, PLA2G6, UACA, HECTD1, POTEI, PPP1R13L, CASKIN1, ANKAR, CAMTA1, ANKRD54, ANKRD10, ANKRD50, ANKZF1, ANKRD36C, ANKDD1A, ANKRD26, ANKIB1, PPP1R12A, HACE1, FEM1B, KIDINS220, TRPC4, MIB2, ANK3, ANK1, ZDHHC17, NFKB2, AGAP9, ACAP2, ANKRD18B, ANKRA2, PPP1R12B, BCORL1, OSBPL1A, SHANK3, ASB3, ANKRD36B",2621,188,20532,1.791739388,0.811592584,0.04908814,0.048911602,3.004620918,11
UP_SEQ_FEATURE,REPEAT:ANK 1,Ankyrin repeat,53,1.892857143,3.81E-04,"FANK1, ANKRD13C, ANKRD37, ANKRD36, ANKRD33, ESPN, POTEI, PPP1R13L, NUDT12, ANKDD1A, ANKRD36C, PPP1R12A, TRPC4, TRPC1, PPP1R16A, ANK3, ANK1, ZDHHC17, CLIP3, ACAP2, ANKRA2, PPP1R12B, BCORL1, SHANK3, ANKRD36B, TNKS, ANKRD11, ANKRD12, TRANK1, PLA2G6, UACA, HECTD1, CASKIN1, ANKAR, ANKRD10, CAMTA1, ANKRD54, ANKRD50, ANKZF1, ANKRD26, ZRANB1, HACE1, ANKIB1, FEM1B, KIDINS220, MIB2, NFKB2, MIB1, ANKRD65, ANKRD18B, ANKRD18A, OSBPL1A, ASB3",2621,255,20532,1.628170658,0.969822373,0.094594238,0.094254045,3.004620918,11
UP_SEQ_FEATURE,REPEAT:ANK 2,Ankyrin repeat,53,1.892857143,4.20E-04,"FANK1, ANKRD13C, ANKRD37, ANKRD36, ANKRD33, ESPN, POTEI, PPP1R13L, NUDT12, ANKDD1A, ANKRD36C, PPP1R12A, TRPC4, TRPC1, PPP1R16A, ANK3, ANK1, ZDHHC17, CLIP3, ACAP2, ANKRA2, PPP1R12B, BCORL1, SHANK3, ANKRD36B, TNKS, ANKRD11, ANKRD12, TRANK1, PLA2G6, UACA, HECTD1, CASKIN1, ANKAR, ANKRD10, CAMTA1, ANKRD54, ANKRD50, ANKZF1, ANKRD26, ZRANB1, HACE1, ANKIB1, FEM1B, KIDINS220, MIB2, NFKB2, MIB1, ANKRD65, ANKRD18B, ANKRD18A, OSBPL1A, ASB3",2621,256,20532,1.621810616,0.978897239,0.100188769,0.099828456,3.004620918,11
UP_SEQ_FEATURE,REPEAT:ANK 4,Ankyrin repeat,40,1.428571429,7.24E-04,"FANK1, TNKS, ANKRD36, ANKRD11, ANKRD33, TRANK1, ESPN, PLA2G6, UACA, HECTD1, POTEI, CASKIN1, ANKAR, ANKRD54, ANKRD10, ANKRD50, ANKRD36C, ANKDD1A, ANKRD26, PPP1R12A, HACE1, FEM1B, KIDINS220, TRPC4, TRPC1, PPP1R16A, MIB2, ANK3, ANK1, ZDHHC17, NFKB2, MIB1, ANKRD65, ANKRD18B, ANKRD18A, ANKRA2, PPP1R12B, SHANK3, ASB3, ANKRD36B",2621,182,20532,1.7216816,0.998701217,0.162046861,0.161464086,3.004620918,11
INTERPRO,IPR002110:Ankyrin repeat,Ankyrin repeat,52,1.857142857,9.86E-04,"FANK1, ANKRD13C, ANKRD37, ANKRD36, ANKRD33, ESPN, POTEI, PPP1R13L, NUDT12, ANKDD1A, ANKRD36C, PPP1R12A, TRPC4, TRPC1, PPP1R16A, ANK3, ANK1, ZDHHC17, CLIP3, ACAP2, ANKRA2, PPP1R12B, BCORL1, SHANK3, ANKRD36B, TNKS, ANKRD11, ANKRD12, TRANK1, PLA2G6, UACA, HECTD1, CASKIN1, ANKAR, ANKRD10, CAMTA1, ANKRD54, ANKRD50, ANKZF1, ANKRD26, HACE1, ANKIB1, FEM1B, KIDINS220, MIB2, NFKB2, MIB1, ANKRD65, ANKRD18B, ANKRD18A, OSBPL1A, ASB3",2508,253,19176,1.571496114,0.941118827,0.128674447,0.127867992,3.004620918,11
UP_KW_DOMAIN,KW-0040~ANK repeat,Ankyrin repeat,54,1.928571429,0.001410604,"FANK1, ANKRD13C, ANKRD37, ANKRD36, ANKRD33, ESPN, POTEI, PPP1R13L, NUDT12, ANKDD1A, ANKRD36C, PPP1R12A, TRPC4, TRPC1, PPP1R16A, ANK3, ANK1, ZDHHC17, CLIP3, AGAP9, ACAP2, ANKRA2, PPP1R12B, BCORL1, SHANK3, ANKRD36B, TNKS, ANKRD11, ANKRD12, TRANK1, PLA2G6, UACA, HECTD1, CASKIN1, ANKAR, ANKRD10, CAMTA1, ANKRD54, ANKRD50, ANKZF1, ANKRD26, ZRANB1, HACE1, ANKIB1, FEM1B, KIDINS220, MIB2, NFKB2, MIB1, ANKRD65, ANKRD18B, ANKRD18A, OSBPL1A, ASB3",1922,266,14486,1.530055628,0.041463855,0.006045447,0.004634843,3.004620918,11
UP_SEQ_FEATURE,REPEAT:ANK 5,Ankyrin repeat,33,1.178571429,0.00248633,"FANK1, TNKS, ANKRD36, TRANK1, ESPN, PLA2G6, UACA, POTEI, CASKIN1, ANKAR, ANKRD50, ANKRD36C, ANKDD1A, ANKRD26, PPP1R12A, HACE1, FEM1B, KIDINS220, PPP1R16A, MIB2, ANK3, ANK1, ZDHHC17, NFKB2, MIB1, ANKRD65, ANKRD18B, ANKRD18A, ANKRA2, PPP1R12B, SHANK3, ASB3, ANKRD36B",2621,151,20532,1.711990014,1,0.455740642,0.454101645,3.004620918,11
INTERPRO,IPR020683:Ankyrin repeat-containing domain,Ankyrin repeat,47,1.678571429,0.00260448,"FANK1, ANKRD13C, TNKS, ANKRD36, ANKRD11, ANKRD33, ANKRD12, ESPN, PLA2G6, UACA, HECTD1, POTEI, PPP1R13L, CASKIN1, ANKRD54, ANKRD10, ANKRD50, ANKZF1, NUDT12, ANKRD36C, ANKDD1A, ANKRD26, ANKIB1, PPP1R12A, HACE1, FEM1B, KIDINS220, TRPC1, PPP1R16A, MIB2, ANK3, ANK1, ZDHHC17, NFKB2, MIB1, CLIP3, ACAP2, ANKRD65, ANKRD18B, ANKRD18A, ANKRA2, PPP1R12B, BCORL1, OSBPL1A, SHANK3, ASB3, ANKRD36B",2508,233,19176,1.542312668,0.999441258,0.276472599,0.274739832,3.004620918,11
UP_SEQ_FEATURE,REPEAT:ANK 6,Ankyrin repeat,24,0.857142857,0.004845526,"FANK1, ANKDD1A, PPP1R12A, HACE1, FEM1B, TNKS, ANKRD36, KIDINS220, MIB2, TRANK1, ANK3, ESPN, PLA2G6, UACA, ANK1, ZDHHC17, NFKB2, MIB1, CASKIN1, ANKRD65, SHANK3, ASB3, ANKRD50, ANKRD36B",2621,103,20532,1.825316803,1,0.666726891,0.664329115,3.004620918,11
SMART,SM00248:ANK,Ankyrin repeat,51,1.821428571,0.011333695,"FANK1, ANKRD13C, ANKRD37, ANKRD36, ANKRD33, ESPN, POTEI, PPP1R13L, NUDT12, ANKDD1A, ANKRD36C, PPP1R12A, TRPC4, TRPC1, PPP1R16A, ANK3, ANK1, ZDHHC17, CLIP3, ACAP2, ANKRA2, PPP1R12B, BCORL1, SHANK3, ANKRD36B, TNKS, ANKRD11, ANKRD12, TRANK1, PLA2G6, UACA, HECTD1, CASKIN1, ANKAR, ANKRD10, ANKRD54, ANKRD50, ANKZF1, ANKRD26, HACE1, ANKIB1, FEM1B, KIDINS220, MIB2, NFKB2, MIB1, ANKRD65, ANKRD18B, ANKRD18A, OSBPL1A, ASB3",1535,247,10379,1.396112305,0.998040235,0.413302074,0.407257436,3.004620918,11
GOTERM_BP_DIRECT,GO:0006281~DNA repair,DNA repair,59,2.107142857,3.71E-04,"SMG1, BTG2, MRE11, RIF1, FMR1, NYNRIN, UFL1, CHAF1B, ENDOV, POGZ, POLI, KMT5B, POLL, POLK, WDHD1, RMI2, SHPRH, RFC1, KMT5C, USP3, ATRX, NSMCE1, DYRK1B, CSNK1E, SMC1A, DDB2, RAD51B, MSH6, RRM2B, MSH3, TIMELESS, FAN1, ABRAXAS1, BOD1L1, XPC, SAMHD1, BRIP1, WRN, MRNIP, UBR5, HLTF, USP51, ZRANB3, POLQ, FANCM, MGMT, NONO, SMARCA5, HUWE1, USP28, ETAA1, RAD50, ERCC1, TAOK1, JMY, ATM, ERCC6, NOP53, ATR",2451,294,19333,1.58292603,0.901720732,0.06765063,0.067325855,2.936805441,12
UP_KW_BIOLOGICAL_PROCESS,KW-0227~DNA damage,DNA repair,83,2.964285714,8.69E-04,"ATF2, SMG1, SETD2, MRE11, RIF1, FMR1, NUCKS1, SMC5, UFL1, CHAF1B, SMCHD1, HPF1, POGZ, TLK2, MACROD1, REV3L, TLK1, POLI, POLL, MACROD2, POLK, USP47, SHPRH, USP3, ATRX, NSMCE1, DYRK1B, RAD23A, SMC1A, DDB2, RAD51B, MSH6, RNF169, RRM2B, MSH3, TIMELESS, NEIL1, CLOCK, FAN1, EXD2, BRSK1, NFAT5, ABRAXAS1, PRKDC, BOD1L1, XPC, BRCC3, SAMHD1, RAD54B, BRIP1, WRN, MRNIP, RAD21, UBR5, PMS2, USP51, APBB1, ASCC3, TP53BP1, ZRANB3, POLQ, EGLN3, ATAD5, FANCM, MGMT, ERCC6L2, NONO, HUWE1, USP28, MLH3, GTF2H5, HIPK2, ETAA1, RAD50, ERCC1, UVSSA, TAOK1, ERCC2, JMY, ATM, ERCC6, CUL4B, ATR",1583,417,11229,1.411894363,0.129829809,0.017375756,0.016615567,2.936805441,12
UP_KW_BIOLOGICAL_PROCESS,KW-0234~DNA repair,DNA repair,68,2.428571429,0.00479903,"SMG1, SETD2, MRE11, RIF1, NUCKS1, SMC5, UFL1, CHAF1B, SMCHD1, HPF1, POGZ, REV3L, POLI, POLL, POLK, USP47, SHPRH, ATRX, NSMCE1, DYRK1B, RAD23A, SMC1A, DDB2, RAD51B, MSH6, RNF169, RRM2B, MSH3, TIMELESS, NEIL1, FAN1, EXD2, ABRAXAS1, PRKDC, BOD1L1, XPC, BRCC3, SAMHD1, RAD54B, BRIP1, WRN, MRNIP, RAD21, UBR5, PMS2, USP51, ASCC3, TP53BP1, ZRANB3, POLQ, FANCM, MGMT, ERCC6L2, NONO, HUWE1, USP28, MLH3, GTF2H5, ETAA1, RAD50, ERCC1, UVSSA, TAOK1, ERCC2, JMY, ERCC6, CUL4B, ATR",1583,350,11229,1.378164426,0.53684481,0.078592365,0.075153949,2.936805441,12
GOTERM_MF_DIRECT,GO:0008017~microtubule binding,microtubule binding,59,2.107142857,7.54E-05,"CEP57, NUMA1, FMR1, CETN3, UXT, GOLGA2, MAP1LC3A, FNTA, OPA1, KIF5B, KIF5A, KIF13A, KIF13B, CHP1, NEFM, KIF1B, NEFH, CDK5RAP2, DST, STRBP, CEP295, STARD9, TERF1, CCSAP, CKAP5, KIF27, DNM1, CLIP3, CLIP1, FAM161A, KATNAL1, KIFC2, KATNAL2, KIF16B, MAPT, GAPDH, TRIM54, PAFAH1B1, ABRAXAS1, JAKMIP1, NDRG1, CAMSAP2, JAKMIP2, SPAST, BCL2L11, MAP2, CLASP1, CLASP2, MAP4K4, CEP350, MX1, HOOK3, LRPPRC, CCDC88A, KATNBL1, HOOK1, ALMS1, JMY, CEP44",2497,267,18908,1.673276846,0.124978237,0.007416749,0.007312052,2.814920197,13
GOTERM_CC_DIRECT,GO:0005874~microtubule,microtubule binding,58,2.071428571,0.005311268,"CEP57, GOLGA2, MAP1LC3A, OPA1, KIF5B, KIF5A, KIF13A, KIF13B, CEP170, KIF1B, NINL, EMD, CDK5RAP3, CDK5RAP2, DYNC2H1, GABARAPL1, DST, TUBG2, DYNLL2, KIF27, DNM1, CLIP1, KATNAL1, KIFC2, KATNAL2, KIF16B, FEZ1, MAPT, TRIM54, PAFAH1B1, DYNC1I2, DCTN2, FIGN, PBXIP1, JAKMIP1, NDRG1, CAMSAP2, DYNC2LI1, MTA1, SPAST, MAP2, MAP7, NPHP3, PCNT, CLASP2, DYNC1H1, MX1, TBCD, HOOK3, LRPPRC, TTLL6, DLG1, APPBP2, TTLL3, HOOK1, TTLL1, CEP162, EIF3A",2565,327,20580,1.423109251,0.996251386,0.10512303,0.10051325,2.814920197,13
UP_KW_CELLULAR_COMPONENT,KW-0493~Microtubule,microtubule binding,54,1.928571429,0.008969611,"CEP57, NUMA1, GOLGA2, MAP1LC3A, KIF5B, KIF5A, KIF13A, KIF13B, CEP170, KIF1B, NINL, EMD, CDK5RAP2, DYNC2H1, GABARAPL1, DST, TUBG2, CCSAP, DYNLL2, KIF27, DNM1, CLIP1, KATNAL1, KIFC2, KATNAL2, KIF16B, FEZ1, MAPT, TRIM54, PAFAH1B1, DYNC1I2, DCTN2, FIGN, PBXIP1, JAKMIP1, NDRG1, CAMSAP2, DYNC2LI1, SPAST, MAP2, MAP7, NPHP3, PCNT, CLASP1, CLASP2, DYNC1H1, HOOK3, TTLL6, NIN, APPBP2, TTLL3, HOOK1, TTLL1, CEP162",2331,291,17641,1.404370497,0.396231535,0.071756888,0.060224531,2.814920197,13
INTERPRO,IPR001487:Bromodomain,Bromodomain,16,0.571428571,2.20E-04,"KMT2A, ZMYND8, ATAD2, BAZ2A, BAZ2B, ASH1L, ATAD2B, CECR2, KIAA2026, TRIM24, PHIP, BRD7, BRWD1, BRWD3, BPTF, TAF1",2508,43,19176,2.844998331,0.468495934,0.039498431,0.039250878,2.810207585,14
UP_KW_DOMAIN,KW-0103~Bromodomain,Bromodomain,15,0.535714286,3.93E-04,"KMT2A, ZMYND8, ATAD2, BAZ2A, BAZ2B, ASH1L, ATAD2B, CECR2, TRIM24, PHIP, BRD7, BRWD1, BRWD3, BPTF, TAF1",1922,40,14486,2.826352758,0.011734748,0.00196697,0.001508011,2.810207585,14
UP_SEQ_FEATURE,DOMAIN:Bromo,Bromodomain,14,0.5,7.43E-04,"KMT2A, ZMYND8, ATAD2, BAZ2A, BAZ2B, ASH1L, ATAD2B, CECR2, KIAA2026, TRIM24, BRD7, BRWD1, BPTF, TAF1",2621,39,20532,2.812079946,0.998909742,0.162352518,0.161768644,2.810207585,14
SMART,SM00297:BROMO,Bromodomain,15,0.535714286,0.002022687,"KMT2A, ZMYND8, ATAD2, BAZ2A, BAZ2B, ASH1L, ATAD2B, CECR2, TRIM24, PHIP, BRD7, BRWD1, BRWD3, BPTF, TAF1",1535,42,10379,2.414844114,0.669626114,0.129198124,0.127308572,2.810207585,14
GOTERM_MF_DIRECT,GO:0070577~lysine-acetylated histone binding,Bromodomain,9,0.321428571,0.007096245,"KMT2A, ZMYND8, TRIM24, BAZ2A, PHIP, MLLT3, BRD7, ATAD2B, TAF1",2497,23,18908,2.963068726,0.999996669,0.29226627,0.288140546,2.810207585,14
INTERPRO,"IPR018359:Bromodomain, conserved site",Bromodomain,9,0.321428571,0.014907304,"CECR2, TRIM24, BAZ2A, PHIP, BAZ2B, BRWD1, ATAD2B, TAF1, BPTF",2508,26,19176,2.64666912,1,0.764531723,0.759740089,2.810207585,14
UP_SEQ_FEATURE,DNA_BIND:HMG box,HMG box,16,0.571428571,0.001307855,"WDHD1, TCF7L2, HMGB2, SOX11, SOX21, SOX2, SOX3, TOX3, SOX15, NSD2, BBX, HBP1, HMG20A, SOX9, TOX, SOX5",2621,51,20532,2.457616087,0.999993909,0.272747288,0.271766396,2.59065018,15
INTERPRO,IPR009071:High mobility group (HMG) box domain,HMG box,17,0.607142857,0.001666357,"WDHD1, TCF7L2, KMT2C, HMGB2, SOX11, SOX21, SOX2, SOX3, TOX3, SOX15, NSD2, BBX, HBP1, HMG20A, SOX9, TOX, SOX5",2508,56,19176,2.321086808,0.991685634,0.191431143,0.190231366,2.59065018,15
SMART,SM00398:HMG,HMG box,17,0.607142857,0.003896732,"WDHD1, TCF7L2, KMT2C, HMGB2, SOX11, SOX21, SOX2, SOX3, TOX3, SOX15, NSD2, BBX, HBP1, HMG20A, SOX9, TOX, SOX5",1535,54,10379,2.128640367,0.881835347,0.177626039,0.175028218,2.59065018,15
UP_SEQ_FEATURE,DOMAIN:HMG box,HMG box,12,0.428571429,0.005109411,"SOX2, TCF7L2, KMT2C, NSD2, HMGB2, BBX, SOX11, HMG20A, HBP1, SOX9, SOX21, SOX5",2621,37,20532,2.540643658,1,0.689469945,0.686990378,2.59065018,15
GOTERM_CC_DIRECT,GO:0005604~basement membrane,basement membrane,28,1,2.44E-05,"LAMA5, CD151, LAMC1, NID1, EFNA5, LOXL2, EFEMP2, DST, LAMB2, SERPINF1, ERBIN, P3H2, CASK, HSPG2, TMEFF1, ATRN, SMOC2, DLG1, FRAS1, COL4A2, COL5A1, COL4A1, COL4A6, COL9A1, COL4A5, ANG, AGRN, FREM2",2565,95,20580,2.364789166,0.025305562,0.002025586,0.001936761,2.579997383,16
UP_KW_CELLULAR_COMPONENT,KW-0084~Basement membrane,basement membrane,12,0.428571429,0.021236258,"LAMA5, SMOC2, EFEMP2, COL4A2, COL4A1, LAMB2, COL4A6, COL4A5, LAMC1, NID1, HSPG2, LOXL2",2331,43,17641,2.111999042,0.699419462,0.108111861,0.090736741,2.579997383,16
KEGG_PATHWAY,hsa04512:ECM-receptor interaction,basement membrane,19,0.678571429,0.035070405,"LAMA5, SDC4, LAMB2, LAMC1, HSPG2, THBS3, COL1A1, FRAS1, COL1A2, COL4A2, COL4A1, COL6A2, COL6A1, COL4A6, COL9A1, COL4A5, ITGA6, AGRN, FREM2",1078,88,8205,1.643352589,0.999995017,0.186349935,0.153656964,2.579997383,16
KEGG_PATHWAY,hsa00051:Fructose and mannose metabolism,Fructose metabolism,13,0.464285714,6.15E-04,"PFKFB4, PFKFB3, TPI1, MPI, HK2, PFKL, TKFC, ENOSF1, ALDOC, ALDOA, FBP1, PFKM, PFKP",1078,33,8205,2.998397706,0.189616219,0.018729231,0.015443401,2.444202497,17
GOTERM_BP_DIRECT,"GO:0030388~fructose 1,6-bisphosphate metabolic process",Fructose and mannose metabolism,6,0.214285714,0.002634354,"PFKL, ALDOC, ALDOA, FBP1, PFKM, PFKP",2451,9,19333,5.258533932,0.999999931,0.261302848,0.260048394,2.444202497,17
GOTERM_BP_DIRECT,GO:0006000~fructose metabolic process,Fructose and mannose metabolism,5,0.178571429,0.028717552,"PFKFB4, PFKFB3, ALDOC, ALDOA, FBP1",2451,10,19333,3.943900449,1,0.954553109,0.949970521,2.444202497,17
INTERPRO,IPR011993:Pleckstrin homology-like domain,PH domain,84,3,5.09E-04,"ITSN2, APP, MTMR10, TRIO, ITSN1, PLEKHB1, IRS2, TRIOBP, OSBPL10, DOCK11, ARHGAP42, MCF2L, AKT3, KIF1B, JAK3, PHLDA1, SBF2, MCF2L2, VPS36, TNS3, APPL2, PHLDA3, RALGPS2, ARHGEF11, MYLIP, ARHGEF12, SWAP70, APLP2, PLEKHG5, GAB1, PPP4R3B, FRS3, DNM1, CIT, ENAH, TIAM2, TBC1D1, ACAP2, OBSCN, DOK5, RASA4, NUMB, WDFY3, ARHGEF7, SOS1, SHC2, TBC1D9B, RABGAP1, ROCK1, ARHGEF25, EPB41, MTM1, FGD4, EPB41L5, SNTG2, FGD6, PLEKHG4B, PLCG2, EPS8L2, APBB1, PLEKHH1, SPTBN1, OSBPL9, TBC1D8B, FARP1, RABGAP1L, MYO10, PLEKHA1, LRBA, PLCL2, PLEKHA4, CDC42BPB, CDC42BPA, PTPN14, PTK2, TEC, MYO15B, NBEA, NF1, PTPN4, OSBPL1A, PLEKHM3, DCP1B",2508,446,19176,1.440041196,0.768193691,0.076958334,0.076476005,2.399619536,18
UP_SEQ_FEATURE,DOMAIN:PH,PH domain,54,1.928571429,0.002532996,"ITSN2, TRIO, ITSN1, PLEKHB1, IRS2, TRIOBP, OSBPL10, DOCK11, ARHGAP42, MCF2L, AKT3, KIF1B, PHLDA1, SBF2, MCF2L2, APPL2, PHLDA3, RALGPS2, ARHGEF11, ARHGEF12, SWAP70, PLEKHG5, GAB1, DNM1, CIT, TIAM2, AGAP9, ACAP2, OBSCN, PLCB4, DOK5, RASA4, ARHGEF7, SOS1, ROCK1, ARHGEF25, FGD4, SNTG2, FGD6, PLEKHG4B, PLCG2, SPTBN1, OSBPL9, FARP1, MYO10, PLEKHA1, PLCL2, PLEKHA4, CDC42BPB, CDC42BPA, TEC, OSBPL1A, PLEKHM3",2621,283,20532,1.494760315,1,0.455740642,0.454101645,2.399619536,18
INTERPRO,IPR001849:Pleckstrin homology domain,PH domain,53,1.892857143,0.004305788,"ITSN2, TRIO, ITSN1, PLEKHB1, IRS2, TRIOBP, OSBPL10, DOCK11, ARHGAP42, MCF2L, AKT3, KIF1B, PHLDA1, SBF2, MCF2L2, APPL2, PHLDA3, RALGPS2, ARHGEF11, ARHGEF12, SWAP70, PLEKHG5, GAB1, DNM1, CIT, TIAM2, AGAP9, ACAP2, OBSCN, DOK5, RASA4, ARHGEF7, SOS1, ROCK1, ARHGEF25, FGD4, FGD6, PLEKHG4B, PLCG2, PLEKHH1, SPTBN1, OSBPL9, FARP1, MYO10, PLEKHA1, PLCL2, PLEKHA4, CDC42BPB, CDC42BPA, TEC, OSBPL1A, PLEKHM3",2508,277,19176,1.462940252,0.999995852,0.374734029,0.372385417,2.399619536,18
SMART,SM00233:PH,PH domain,51,1.821428571,0.04541778,"ITSN2, TRIO, ITSN1, PLEKHB1, IRS2, TRIOBP, OSBPL10, DOCK11, ARHGAP42, MCF2L, AKT3, KIF1B, PHLDA1, SBF2, MCF2L2, APPL2, PHLDA3, RALGPS2, ARHGEF11, ARHGEF12, SWAP70, PLEKHG5, GAB1, DNM1, CIT, TIAM2, AGAP9, ACAP2, OBSCN, DOK5, RASA4, ARHGEF7, SOS1, ROCK1, FGD4, FGD6, PLEKHG4B, PLCG2, PLEKHH1, SPTBN1, OSBPL9, FARP1, MYO10, PLEKHA1, PLCL2, PLEKHA4, CDC42BPB, CDC42BPA, TEC, OSBPL1A, PLEKHM3",1535,268,10379,1.286715446,1,0.888557553,0.875562195,2.399619536,18
UP_SEQ_FEATURE,REGION:Actin-binding,Actin-binding,20,0.714285714,2.76E-04,"MYO10, ACTN3, DST, DIXDC1, MYO5A, MYO9A, SYNE2, MYO1D, MYO1E, MYO15B, DAAM1, CLMN, MYO5B, MYO6, MYH9, FLNB, FLNC, UTRN, MYH10, SPTBN1",2621,64,20532,2.448016024,0.920347229,0.070270269,0.070017553,2.3118261,19
UP_KW_MOLECULAR_FUNCTION,KW-0009~Actin-binding,Actin-binding,57,2.035714286,0.006167945,"FHOD3, IPP, LMOD1, DIXDC1, ESPN, SYNE2, TRIOBP, BAIAP2L1, TMSB4X, MYO18A, PLS3, PHACTR1, SPTAN1, EMD, MYBPC2, DST, ACTN3, TPM1, COBL, MED28, ENAH, DAAM1, TMSB15A, PALLD, MYH9, DNASE1, UTRN, SHANK3, PFN2, EPB41, CAPG, ADD3, ADD1, FGD4, SNTG2, CLMN, MYO6, FLNB, TNNI3, FLNC, MYH10, SPTBN1, WASF3, GSN, MYO10, NEBL, MIB2, MYO5A, KLHL3, MYO9A, MYO1D, MYO1E, MARCKS, KLHL5, MYO15B, MYO5B, JMY",1650,287,11719,1.410585999,0.454651622,0.043175616,0.037888806,2.3118261,19
GOTERM_MF_DIRECT,GO:0051015~actin filament binding,Actin-binding,39,1.392857143,0.068227661,"FHOD3, CAPG, ESPN, ADD3, TRIOBP, ADD1, SYNE2, BLOC1S6, SAMD14, CLMN, MYO6, MYO18A, CTNNA1, PLS3, FLNB, TNNI3, FLNC, MYH10, SPTAN1, SPTBN1, CLASP2, GSN, ZNF185, ACTN3, MYO10, NEBL, TPM1, MYO5A, EEF2, MYO9A, MYO1D, AFDN, MYO1E, MARCKS, FMNL2, MYO5B, MYH9, UTRN, AJUBA",2497,226,18908,1.306722049,1,1,0.986440678,2.3118261,19
GOTERM_BP_DIRECT,GO:0060271~cilium assembly,Cilium biogenesis/degradation,50,1.785714286,7.20E-05,"SPAG16, GALNT11, CEP126, ONECUT1, SNX10, FNBP1L, PTPDC1, IFT52, PCM1, TMEM107, TCTN1, NEK1, CEP250, CEP290, DYNC2H1, IQCB1, IFT140, CCDC113, RFX3, IFT80, DYNLL2, KIF27, FAM161A, IFT81, RILPL1, WDPCP, LAMA5, INTU, FAM149B1, TTBK2, IFT74, TMEM67, TTC21B, CEP70, NPHP3, POC1B, PCNT, PIBF1, BBS2, GSN, RAB3IP, CPLANE1, WDR11, AHI1, TTLL3, CEP162, CEP83, B9D1, DZIP1, CLUAP1",2451,223,19333,1.768565224,0.362455235,0.018001702,0.01791528,2.287340832,20
UP_KW_BIOLOGICAL_PROCESS,KW-0970~Cilium biogenesis/degradation,Cilium biogenesis/degradation,42,1.5,0.005403225,"SPAG16, CEP126, INTU, FAM149B1, CCP110, RSPH9, SNX10, PTPDC1, TTBK2, DYNC2LI1, IFT52, IFT74, ODF2L, PCM1, TMEM67, TMEM107, TCTN1, NEK1, CEP250, POC1B, CEP97, CEP290, BBS2, DYNC2H1, IQCB1, GSN, IFT140, CCDC113, CPLANE1, KIF27, TTC17, AHI1, CCDC88A, FAM161A, IFT81, CEP162, CEP83, B9D1, PKN2, WDPCP, DZIP1, CLUAP1",1583,196,11229,1.520034293,0.579730895,0.078592365,0.075153949,2.287340832,20
UP_KW_DISEASE,KW-1186~Ciliopathy,Cilium biogenesis/degradation,31,1.107142857,0.353086721,"MRE11, INTU, FAM149B1, RSPH9, DYNC2LI1, IFT52, IFT74, TTC21B, TMEM67, TMEM107, TCTN1, NEK1, NPHP3, PIBF1, CEP290, BBS2, DYNC2H1, IQCB1, IFT140, IFT80, CPLANE1, RSPH3, AHI1, BBS10, FAM161A, IFT81, ALMS1, CEP83, B9D1, WDPCP, TP73",764,163,4472,1.11322391,1,1,1,2.287340832,20