{"foreground_weight": 48.00866531190462, "min_object_size": 1.0, "mean_object_size": 2087.5304273504275, "max_object_size": 10610.0, "avg_object_size_z": 8.187863247863248, "avg_object_size_y": 26.00068376068376, "avg_object_size_x": 25.333162393162393, "stdev_object_size_z": 5.280613443556839, "stdev_object_size_y": 15.584289685531287, "stdev_object_size_x": 15.180068277358057, "n_z": 64.0, "n_y": 304.0, "n_x": 304.0, "one_hot": false, "avg_background_intensity": 21.728233485465786, "project_name": "3D_Brain_organoids_with_meta", "data_type": "16-bit", "pixel_size_x_microns": 0.694, "pixel_size_y_microns": 0.694, "pixel_size_z_microns": 2.0}